명칭,좌표주소,위도,경도,상세주소,상세내용
어린이보호 CCTV,대한민국 서울특별시 금천구 독산로102길,37.4759766,126.9068179,독산로102길 125 영남초교,관리번호: SN103
어린이보호 CCTV,대한민국 서울특별시 금천구 독산로78다길 53,37.470488,126.906568,독산로78다길 53,관리번호: SN104
어린이보호 CCTV,대한민국 서울특별시 금천구 벚꽃로18길 33,37.4682073,126.8907895,벚꽃로18길 33,관리번호: SN105
어린이보호 CCTV,대한민국 서울특별시 금천구 시흥대로104길 48,37.46444,126.9003315,시흥대로104길 48,관리번호: SN106
어린이보호 CCTV,대한민국 서울특별시 금천구 독산로64길 107,37.4666305,126.9080078,독산로64길 107,관리번호: SN107
어린이보호 CCTV,대한민국 서울특별시 금천구 독산로50길 60,37.462335,126.9074,독산로50길 60 흥일초교,관리번호: SN108
어린이보호 CCTV,대한민국 서울특별시 금천구 독산로36나길 7,37.4599209,126.9076702,독산로36나길 7,관리번호: SN109
어린이보호 CCTV,대한민국 서울특별시 금천구 금하로11길 40,37.4554309,126.9041571,금하로11길 40,관리번호: SN110
어린이보호 CCTV,대한민국 서울특별시 금천구 탑골로5길 52,37.4537223,126.9125289,탑골로5길 52,관리번호: SN111
어린이보호 CCTV,대한민국 서울특별시 금천구 탑골로 35,37.4520329,126.9132213,탑골로35,관리번호: SN112
어린이보호 CCTV,대한민국 서울특별시 금천구 한내로 69-16,37.4585946,126.8883555,한내로69-16,관리번호: SN113
어린이보호 CCTV,대한민국 서울특별시 금천구 독산로2길 19,37.4477781,126.904236,독산로2길 19 백산초교,관리번호: SN114
어린이보호 CCTV,대한민국 서울특별시 금천구 시흥대로47길 45,37.4493523,126.8984231,시흥대로47길 45 문일중고,관리번호: SN115
어린이보호 CCTV,대한민국 서울특별시 금천구 금하로 773,37.4503783,126.9157351,금하로773,관리번호: SN116
어린이보호 CCTV,대한민국 서울특별시 금천구 금하로30길 51,37.4482719,126.9164515,금하로30길 51,관리번호: SN117
주정차단속 CCTV,대한민국 서울특별시 금천구 가산로 77,37.911063,127.7814081,가산로77 기업은행,관리번호: N101
주정차단속 CCTV,대한민국 서울특별시 금천구 가산로 122,37.8384424,127.1670448,가산로122 성지병원,관리번호: N102
주정차단속 CCTV,대한민국 서울특별시 금천구 가산로 146,37.4783093,126.8910246,가산로146  놀부집항아리갈비,관리번호: N103
주정차단속 CCTV,대한민국 서울특별시 금천구 가산로 20,37.4713269,126.9007404,가산로20 고기굽는마을,관리번호: N104
주정차단속 CCTV,대한민국 서울특별시 금천구 범안로 1236,35.8284724,128.6552358,범안로1236 현대자동차독산점맞은편,관리번호: N105
주정차단속 CCTV,대한민국 서울특별시 금천구 문성로 48,37.4766066,126.9089571,문성로48,관리번호: N106
주정차단속 CCTV,대한민국 서울특별시 금천구 가산디지털2로 129,37.479371,126.8785471,가산디지털2로 129,관리번호: N107
주정차단속 CCTV,대한민국 서울특별시 금천구 독산로 139,37.4596667,126.9047464,독산로139 반도책서점,관리번호: N108
주정차단속 CCTV,대한민국 서울특별시 금천구 독산로 199,37.464637,126.9025193,독산로199 선정형외과,관리번호: N109
주정차단속 CCTV,대한민국 서울특별시 금천구 독산로 291,37.4727845,126.9030378,독산로291 천지랜드한증막,관리번호: N110
주정차단속 CCTV,대한민국 서울특별시 가산동 113 가산두산위브아파트,37.4755163,126.8917036,가산로113 두산아파트,관리번호: N111
주정차단속 CCTV,대한민국 서울특별시 금천구 범안로 1194,35.8284724,128.6552358,범안로1194 24시감자탕,관리번호: N112
방범 CCTV,대한민국 서울특별시 금천구 독산로31길 13,37.4564343,126.9043132,독산로31길 13,관리번호: T128
스쿨존 CCTV,대한민국 서울특별시 금천구 남부순환로 1304-11,37.4781195,126.8964487,남부순환로1304-11,관리번호: S101
스쿨존 CCTV,대한민국 서울특별시 금천구 범안로 11길,35.8284724,128.6552358,범안로11길 3 두산초교 독산역방향,관리번호: S102
스쿨존 CCTV,대한민국 서울특별시 금천구 한내로 69-16,37.4585946,126.8883555,한내로 69-16,관리번호: S103
스쿨존 CCTV,대한민국 서울특별시 금천구 시흥대로104길 31,37.4655142,126.9000569,시흥대로104길 31,관리번호: S104
스쿨존 CCTV,대한민국 서울특별시 금천구 독산로54길 115,37.4671961,126.9076876,독산로54길 115,관리번호: S105
스쿨존 CCTV,대한민국 서울특별시 금천구 독산로102길,37.4759766,126.9068179,독산로102길 108 영남초교,관리번호: S106
스쿨존 CCTV,대한민국 서울특별시 금천구 시흥대로146길 19,37.4740055,126.899851,시흥대로146길 19,관리번호: S107
스쿨존 CCTV,대한민국 서울특별시 금천구 독산로78다길 89,37.4717252,126.908326,독산로78다길 89,관리번호: S108
스쿨존 CCTV,대한민국 서울특별시 금천구 독산로78다길 89,37.4717252,126.908326,독산로78다길 89,관리번호: S109
스쿨존 CCTV,대한민국 서울특별시 금천구 시흥대로47길,37.4493334,126.9002163,시흥대로47길 43-1 문백초교 정문,관리번호: S110
스쿨존 CCTV,대한민국 서울특별시 금천구 독산로23길 26,37.4546436,126.9049575,독산로23길 26,관리번호: S111
스쿨존 CCTV,대한민국 서울특별시 금천구 탑골로3길 50,37.4533858,126.9140551,탑골로3길 50,관리번호: S112
스쿨존 CCTV,대한민국 서울특별시 금천구 금하로30길 51,37.4482719,126.9164515,금하로30길 51,관리번호: S113
스쿨존 CCTV,대한민국 서울특별시 금천구 시흥대로24길 57,37.4418157,126.908303,시흥대로24길 57,관리번호: S114
스쿨존 CCTV,대한민국 서울특별시 금천구 독산로36길 74-9,37.4602724,126.9083705,독산로36길 74-9,관리번호: S115
스쿨존 CCTV,대한민국 서울특별시 금천구 독산로50다길 84,37.4600314,126.908418,독산로50다길 84,관리번호: S116
스쿨존 CCTV,대한민국 서울특별시 금천구 독산로44다길 23,37.4620543,126.9062828,독산로44다길 23,관리번호: S117
스쿨존 CCTV,대한민국 서울특별시 금천구 독산로50길 60,37.462335,126.9074,독산로50길 60 흥일초교,관리번호: S118
스쿨존 CCTV,대한민국 서울특별시 금천구 탑골로5길 53,37.4540189,126.912155,탑골로5길 53,관리번호: S119
스쿨존 CCTV,대한민국 서울특별시 금천구 시흥대로40가길,37.4468638,126.9059436,시흥대로40가길 14 백산초교 골목길,관리번호: S120
쓰레기무단투기 CCTV,대한민국 서울특별시 금천구 남부순환로112길 55,37.4769966,126.8930553,남부순환로112길 55,관리번호: T101
쓰레기무단투기 CCTV,대한민국 서울특별시 금천구 벚꽃로46길 5,37.482905,126.88274,벚꽃로46길 5,관리번호: T102
쓰레기무단투기 CCTV,대한민국 서울특별시 금천구 시흥대로101길 14-8,37.4643641,126.8964451,시흥대로101길 14-8,관리번호: T103
쓰레기무단투기 CCTV,대한민국 서울특별시 금천구 시흥대로149길 43,37.4750849,126.89559,시흥대로149길 43,관리번호: T104
쓰레기무단투기 CCTV,대한민국 서울특별시 금천구 독산로53길 23,37.4638132,126.9022103,독산로53길 23,관리번호: T105
쓰레기무단투기 CCTV,대한민국 서울특별시 금천구 시흥대로84나길 5,37.4604975,126.9017377,시흥대로84나길 5,관리번호: T106
쓰레기무단투기 CCTV,대한민국 서울특별시 금천구 독산로99길 35,37.4750744,126.90133,독산로99길 35,관리번호: T107
쓰레기무단투기 CCTV,대한민국 서울특별시 금천구 독산로87길 46,37.4744365,126.9026937,독산로 87길 46,관리번호: T108
쓰레기무단투기 CCTV,대한민국 서울특별시 금천구 시흥대로126길 20,37.4697069,126.8999751,시흥대로126길 20,관리번호: T109
쓰레기무단투기 CCTV,대한민국 서울특별시 금천구 독산로70라길 17-4,37.4679799,126.905049,독산로70라길 17-4,관리번호: T110
쓰레기무단투기 CCTV,대한민국 서울특별시 금천구 독산로86길 7,37.4726302,126.9037851,독산로86길 7,관리번호: T111
쓰레기무단투기 CCTV,대한민국 서울특별시 금천구 남부순환로126가길 19,37.4793304,126.9071006,남부순환로126가길 19,관리번호: T112
쓰레기무단투기 CCTV,대한민국 서울특별시 금천구 시흥대로56길 22,37.4525343,126.9029313,시흥대로56길 22,관리번호: T113
쓰레기무단투기 CCTV,대한민국 서울특별시 금천구 시흥대로54길 6,37.4517265,126.9032618,시흥대로54길 6,관리번호: T114
쓰레기무단투기 CCTV,대한민국 서울특별시 금천구 탑골로 60,37.4521744,126.9156775,탑골로60,관리번호: T115
쓰레기무단투기 CCTV,대한민국 서울특별시 금천구 금하로29길 30,37.4512434,126.9130022,금하로29길 30,관리번호: T116
쓰레기무단투기 CCTV,대한민국 서울특별시 금천구 시흥대로12길 28,37.4389068,126.9050569,시흥대로12길 28,관리번호: T117
쓰레기무단투기 CCTV,대한민국 서울특별시 금천구 시흥대로36길 40,37.4438489,126.9058178,시흥대로36길 40,관리번호: T118
쓰레기무단투기 CCTV,대한민국 서울특별시 금천구 독산로38길 81,37.4625002,126.9050023,독산로38길 81,관리번호: T119
쓰레기무단투기 CCTV,대한민국 서울특별시 금천구 독산로50마길 14-6,37.4606444,126.9112847,독산로50마길 14-6,관리번호: T120
쓰레기무단투기 CCTV,대한민국 서울특별시 금천구 독산로10길 32,37.4500322,126.9076117,독산로10길 32,관리번호: T121
쓰레기무단투기 CCTV,대한민국 서울특별시 금천구 탑골로5가길 5,37.4531922,126.9118143,탑골로5가길 5,관리번호: T122
쓰레기무단투기 CCTV,대한민국 서울특별시 금천구 독산로41길 89,37.4571362,126.9014964,독산로41길 89,관리번호: T123
쓰레기무단투기 CCTV,대한민국 서울특별시 금천구 시흥대로61길 5,37.4540023,126.90023,시흥대로61길 5 길목호프,관리번호: T124
쓰레기무단투기 CCTV,대한민국 서울특별시 금천구 은행나무로10길 12-1,37.4503591,126.9063197,은행나무로10길 12-1,관리번호: T129
쓰레기무단투기 CCTV,대한민국 서울특별시 금천구 독산로50길,37.4620301,126.9092995,독산로50길 163-10 명성빌라 앞,관리번호: T130
쓰레기무단투기 CCTV,대한민국 서울특별시 금천구 시흥대로6길 35-25,37.4372283,126.9045932,시흥대로6길 35-25,관리번호: T131
쓰레기무단투기 CCTV,대한민국 서울특별시 금천구 탑골로4길 67,37.4505249,126.915022,탑골로4길 67 탑골식당 앞,관리번호: T132
쓰레기무단투기 CCTV,대한민국 서울특별시 금천구 시흥대로48길 13,37.4511413,126.9035077,시흥대로48길 13,관리번호: T133
쓰레기무단투기 CCTV,대한민국 서울특별시 금천구 독산로73길 10-34,37.4685742,126.9016128,독산로73길 10-34,관리번호: T134
쓰레기무단투기 CCTV,대한민국 서울특별시 금천구 독산로62길 3,37.4645478,126.9031084,독산로62길 3,관리번호: T136
쓰레기무단투기 CCTV,대한민국 서울특별시 금천구 시흥대로145길 11,37.4732152,126.8957837,시흥대로145길 11,관리번호: T137
쓰레기무단투기 CCTV,대한민국 서울특별시 금천구 두산로9가길 19-4,37.4727921,126.8915922,두산로9가길 19-4,관리번호: T138
공원방범 CCTV,대한민국 서울특별시 금천구 독산로54길 102-98,35.7083656,128.2549263,독산로54길 102-98 금천체육공원 관리사무소,관리번호: A101
공원방범 CCTV,대한민국 서울특별시 금천구 독산로54길 6,37.4632087,126.9072697,독산로54길 6,관리번호: A102
공원방범 CCTV,대한민국 서울특별시 금천구 가산동 234-29,36.4269583,127.3885725,무아래 어린이공원,관리번호: A103
공원방범 CCTV,대한민국 서울특별시 금천구 시흥대로149가길 6,37.4755747,126.8955477,시흥대로149가길 6,관리번호: A104
공원방범 CCTV,대한민국 서울특별시 금천구 독산동 1095-1,37.3550352,127.1064074,파랑새 어린이공원,관리번호: A105
공원방범 CCTV,대한민국 서울특별시 금천구 독산동 1088-2,36.4269583,127.3885725,한내로 55 참새 어린이공원,관리번호: A106
공원방범 CCTV,대한민국 서울특별시 금천구 독산동 1086 독산근린공원,37.463629,126.8842038,독산 근린공원,관리번호: A107
공원방범 CCTV,대한민국 서울특별시 관악구 신림동 무궁화어린이공원,37.4696846,126.9235054,무궁화 어린이공원,관리번호: A108
공원방범 CCTV,대한민국 서울특별시 금천구 독산동 시흥대로90길 60-3 무지개상상어린이공원,37.462935,126.9009522,시흥대로90길 60-3 무지개 어린이공원,관리번호: A109
공원방범 CCTV,대한민국 서울특별시 금천구 시흥대로86길 20,37.4601219,126.9002941,시흥대로86길 20,관리번호: A110
그린파킹 CCTV,대한민국 서울특별시 금천구 시흥대로36길 33,37.4442955,126.9055875,시흥대로36길 33,관리번호: G129
그린파킹 CCTV,대한민국 서울특별시 금천구 시흥대로36길 62,37.4432354,126.9064234,시흥대로36길 62,관리번호: G130
그린파킹 CCTV,대한민국 서울특별시 금천구 시흥대로28길 58,37.4423258,126.9070491,시흥대로28길 58,관리번호: G131
그린파킹 CCTV,대한민국 서울특별시 금천구 시흥대로24길 56,37.4412429,126.907457,시흥대로24길 56,관리번호: G132
그린파킹 CCTV,대한민국 서울특별시 금천구 시흥대로36길 18-5,37.4436907,126.9052799,시흥대로36길 18-5,관리번호: G134
그린파킹 CCTV,대한민국 서울특별시 금천구 시흥대로16길 20,37.4395852,126.905342,시흥대로16길 20,관리번호: G135
그린파킹 CCTV,대한민국 서울특별시 금천구 시흥대로32길 11,37.4427747,126.9052198,시흥대로32길 11,관리번호: G136
그린파킹 CCTV,대한민국 서울특별시 금천구 독산로26길 14,37.4556845,126.9063405,독산로26길 14,관리번호: G137
그린파킹 CCTV,대한민국 서울특별시 금천구 독산로32길 44,37.4580844,126.9076551,독산로32길 44,관리번호: G138
그린파킹 CCTV,대한민국 서울특별시 금천구 두산로9가길 19-3,37.4726346,126.8914125,두산로9가길 19-3,관리번호: G139
그린파킹 CCTV,대한민국 서울특별시 금천구 독산로60길 40,37.4652099,126.9050318,독산로60길 40,관리번호: G140
그린파킹 CCTV,대한민국 서울특별시 금천구 독산로62길 43,37.4656845,126.9049107,독산로62길 43 주택앞,관리번호: G141
자전거도서관 CCTV,대한민국 서울특별시 금천구 범안로 1144,35.8284724,128.6552358,범안로 1144 독산역 자전거보관소,관리번호: BC105
자전거도서관 CCTV,대한민국 서울특별시 금천구 범안로 1144,37.4661275,126.8890454,금천구 범안로 1144,관리번호: BC106
방범 CCTV,대한민국 서울특별시 금천구 시흥대로28길 15,37.4424324,126.9047434,시흥대로28길 15,관리번호: P274
방범 CCTV,대한민국 서울특별시 금천구 시흥대로36길 18-13,37.4436397,126.9057067,시흥대로36길 18-13,관리번호: P275
방범 CCTV,대한민국 서울특별시 금천구 시흥대로105길 8,37.4652168,126.8968633,시흥대로105길 8,관리번호: P276
방범 CCTV,대한민국 서울특별시 금천구 시흥대로 473,37.4758971,126.8980461,시흥대로 473,관리번호: P277
방범 CCTV,대한민국 서울특별시 금천구 벚꽃로38길 5,37.4818785,126.8832991,벚꽃로38길 5,관리번호: P278
방범 CCTV,대한민국 서울특별시 금천구 가산로 147-7,37.4780024,126.8903915,가산로 147-7,관리번호: P279
방범 CCTV,대한민국 서울특별시 금천구 가산로5길 77,37.4736969,126.8904495,가산로5길 77,관리번호: P280
방범 CCTV,대한민국 서울특별시 금천구 가산로7길 103,37.4726618,126.8883642,가산로7길 103,관리번호: P281
방범 CCTV,대한민국 서울특별시 금천구 시흥대로 440,37.4728558,126.8988832,시흥대로 440,관리번호: P282-1
방범 CCTV,대한민국 서울특별시 금천구 벚꽃로44길 9,37.4826143,126.8831661,벚꽃로44길 9,관리번호: T125
방범 CCTV,대한민국 서울특별시 금천구 시흥대로151길 46,37.4764818,126.8965824,시흥대로151길 46,관리번호: T126
방범 CCTV,대한민국 서울특별시 금천구 독산로,37.4590357,126.9042265,독산로 107길 13 구룡공원 내,관리번호: T127
방범 CCTV,대한민국 서울특별시 금천구 독산로3길 19,37.4496839,126.9039494,독산로3길 19,관리번호: P160
방범 CCTV,대한민국 서울특별시 금천구 시흥대로39길 52-11,37.4471846,126.900488,시흥대로39길 52-11,관리번호: P161
방범 CCTV,대한민국 서울특별시 금천구 시흥대로2길 32,37.4345646,126.9051541,시흥대로2길 32,관리번호: P162
방범 CCTV,대한민국 서울특별시 금천구 시흥대로2길 60,37.4350043,126.9065172,시흥대로2길 60,관리번호: P163
방범 CCTV,대한민국 서울특별시 금천구 시흥대로2나길 28,37.4359959,126.905296,시흥대로2나길 28,관리번호: P164
방범 CCTV,대한민국 서울특별시 금천구 시흥대로56길 40,37.4527834,126.9038431,시흥대로56길 40 금빛공원 뒤,관리번호: P165
방범 CCTV,대한민국 서울특별시 금천구 독산로44길 9,37.4609919,126.9052979,독산로44길 9,관리번호: P166
방범 CCTV,대한민국 서울특별시 금천구 시흥대로104길 10,37.4645607,126.8982905,시흥대로104길 10,관리번호: P167
방범 CCTV,대한민국 서울특별시 금천구 독산로24다길 44,37.4539377,126.9086208,독산로24다길 44,관리번호: P168
방범 CCTV,대한민국 서울특별시 금천구 시흥대로110길 21,37.4670965,126.8998675,시흥대로110길 21,관리번호: P169
방범 CCTV,대한민국 서울특별시 금천구 독산로99길 7,37.4748541,126.9028255,독산로99길 7,관리번호: P170
방범 CCTV,대한민국 서울특별시 금천구 은행나무로 21,37.4506891,126.9047835,은행나무로21,관리번호: P171
방범 CCTV,대한민국 서울특별시 금천구 독산로107길 13,37.4778365,126.9027254,독산로107길 13,관리번호: P172
방범 CCTV,대한민국 서울특별시 금천구 시흥대로150길 56,37.4763121,126.9018749,시흥대로150길 56,관리번호: P173
방범 CCTV,대한민국 서울특별시 금천구 독산로93길 18,37.4740151,126.902233,독산로93길 18,관리번호: P174
방범 CCTV,대한민국 서울특별시 금천구 독산로 281-24,37.4713326,126.9025119,독산로281-24,관리번호: P175
방범 CCTV,대한민국 서울특별시 금천구 남부순환로126길 69,37.4773403,126.907618,남부순환로126길 69,관리번호: P176
방범 CCTV,대한민국 서울특별시 금천구 독산로106길 31,37.477956,126.905609,독산로106길 31,관리번호: P177
방범 CCTV,대한민국 서울특별시 금천구 독산로92길 16,37.4737131,126.9042554,독산로92길 16,관리번호: P178
공원방범 CCTV,대한민국 서울특별시 금천구 독산동,37.4681147,126.8981937,독산동 971,관리번호: A122
공원방범 CCTV,대한민국 서울특별시 금천구 독산동 산193-3,37.4675444,126.9074564,독산동 산193-3,관리번호: A123
공원방범 CCTV,대한민국 서울특별시 금천구 시흥동 871-24,37.4577162,126.9018541,시흥동 871-24,관리번호: A124
공원방범 CCTV,대한민국 서울특별시 금천구 시흥동 970-3,37.4348163,126.9048962,시흥동 970-3,관리번호: A125
공원방범 CCTV,대한민국 서울특별시 금천구 시흥동,37.4492857,126.9104662,시흥동 817,관리번호: A126
공원방범 CCTV,대한민국 서울특별시 금천구 시흥동 925-32,37.4481155,126.9085675,시흥동 925-32,관리번호: A127
공원방범 CCTV,대한민국 서울특별시 금천구 시흥동,37.4492857,126.9104662,시흥동 731,관리번호: A128
어린이보호 CCTV,대한민국 서울특별시 금천구 시흥대로90길 63,37.462974,126.9007203,시흥대로90길63,관리번호: C123
어린이보호 CCTV,대한민국 서울특별시 금천구 남부순환로128길 71,37.4774966,126.9089351,남부순환로128길71,관리번호: C124
방범 CCTV,대한민국 서울특별시 금천구 독산로84길 27,37.472211,126.9048302,독산로84길27,관리번호: P283
방범 CCTV,대한민국 서울특별시 금천구 독산로80길 23-4,37.4708141,126.9047036,독산로80길23-4,관리번호: P284
방범 CCTV,대한민국 서울특별시 금천구 시흥대로37길 10,37.4456743,126.9029896,시흥대로 37길 10,관리번호: P285
공원방범 CCTV,대한민국 서울특별시 금천구 가산동 28-2,37.4827926,126.8844807,가산동 28-2,관리번호: A120
공원방범 CCTV,대한민국 서울특별시 금천구 독산동 378-4,37.4656326,126.9063064,독산동 378-4,관리번호: A121
주정차단속 CCTV,대한민국 서울특별시 금천구 독산로 353,37.4783869,126.9035868,독산로353 캐슬PC방,관리번호: N113
주정차단속 CCTV,대한민국 서울특별시 금천구 금하로 717,37.4508071,126.9096529,금하로717,관리번호: N114
주정차단속 CCTV,대한민국 서울특별시 금천구 독산로 238-1,37.4680578,126.902371,독산로238-1,관리번호: N115
주정차단속 CCTV,대한민국 서울특별시 금천구 금하로 668,37.4525867,126.9043003,금하로668,관리번호: N116
주정차단속 CCTV,대한민국 서울특별시 금천구 금하로 635,37.4548885,126.9018378,금하로635,관리번호: N117
주정차단속 CCTV,대한민국 서울특별시 금천구 범안로 1209,35.8284724,128.6552358,범안로1209 유창빌딩,관리번호: N118
주정차단속 CCTV,대한민국 서울특별시 중랑구 신내동 479 중앙하이츠아파트,37.6031991,127.0979568,범안로1138 중앙하이츠아파트,관리번호: N119
주정차단속 CCTV,대한민국 서울특별시 금천구 가산디지털1로 165,37.4801705,126.8811402,가산디지털1로 165,관리번호: N120
주정차단속 CCTV,대한민국 서울특별시 금천구 디지털로10길 22,37.4766347,126.8882918,디지털로10길 22,관리번호: N121
주정차단속 CCTV,대한민국 서울특별시 금천구 독산로 16,37.4487897,126.9047897,독산로16 성광교회,관리번호: N122
주정차단속 CCTV,대한민국 서울특별시 금천구 금하로 694,37.4515704,126.9071316,금하로694,관리번호: N123
주정차단속 CCTV,대한민국 서울특별시 금천구 독산로 118,37.4577933,126.9055016,독산로118 세광어린이집,관리번호: N124
주정차단속 CCTV,대한민국 서울특별시 금천구 문성로 14-1,37.4762082,126.9052399,문성로14-1,관리번호: N125
주정차단속 CCTV,대한민국 서울특별시 금천구 독산로 335-1,37.4767561,126.9034037,독산로335-1,관리번호: N126
주정차단속 CCTV,대한민국 서울특별시 금천구 가산로 7,37.4707734,126.9019706,가산로7 예수비전교회 부근,관리번호: N127
주정차단속 CCTV,대한민국 서울특별시 금천구 범안로 1246,35.8284724,128.6552358,범안로1256 독산역길끝,관리번호: N128
주정차단속 CCTV,대한민국 서울특별시 금천구 독산로 41,37.4509954,126.905751,독산로41 은행나무길확장도로,관리번호: N129
주정차단속 CCTV,대한민국 서울특별시 금천구 은행나무로 12,37.4500189,126.9038349,은행나무로12,관리번호: N130
주정차단속 CCTV,대한민국 서울특별시 금천구 디지털로 193,37.4787914,126.888053,디지털로193,관리번호: N131
그린파킹 CCTV,대한민국 서울특별시 금천구 독산로70길 9,37.4665624,126.9023126,독산로70길 9,관리번호: G101
그린파킹 CCTV,대한민국 서울특별시 금천구 독산로70가길 17,37.4671168,126.9026368,독산로70가길 17,관리번호: G102
그린파킹 CCTV,대한민국 서울특별시 금천구 독산로70길 23-7,37.4669255,126.9029889,독산로70길 23-7,관리번호: G103
그린파킹 CCTV,대한민국 서울특별시 금천구 독산로74길 21-13,37.4690511,126.9040657,독산로74길 21-13,관리번호: G104
그린파킹 CCTV,대한민국 서울특별시 금천구 독산로78다길 39,37.4700658,126.9059241,독산로78다길 39,관리번호: G105
그린파킹 CCTV,대한민국 서울특별시 금천구 독산로72길 11-16,37.4684445,126.9030696,독산로72길 11-16,관리번호: G106
그린파킹 CCTV,대한민국 서울특별시 금천구 독산로74길 20,37.4685075,126.9035502,독산로74길 20,관리번호: G107
그린파킹 CCTV,대한민국 서울특별시 금천구 독산로78다길 22,37.469329,126.9051718,독산로78다길 22,관리번호: G108
그린파킹 CCTV,대한민국 서울특별시 금천구 독산로78다길 53,37.470488,126.906568,독산로78다길 53,관리번호: G109
그린파킹 CCTV,대한민국 서울특별시 금천구 독산로80길 11-21,37.4717135,126.9037544,독산로80길 11-21,관리번호: G110
그린파킹 CCTV,대한민국 서울특별시 금천구 독산로82길 18,37.4715256,126.9047633,독산로82길 18,관리번호: G111
그린파킹 CCTV,대한민국 서울특별시 금천구 독산로82길 8,37.4715913,126.9041756,독산로82길 8,관리번호: G112
그린파킹 CCTV,대한민국 서울특별시 금천구 독산로82길 28,37.4714574,126.9053827,독산로82길 28,관리번호: G113
그린파킹 CCTV,대한민국 서울특별시 금천구 독산로82길 42,37.4713566,126.906171,독산로82길 42,관리번호: G114
그린파킹 CCTV,대한민국 서울특별시 금천구 독산로76길 10,37.4691401,126.9032606,독산로76길 10,관리번호: G115
그린파킹 CCTV,대한민국 서울특별시 금천구 범안로12길 29,37.4652069,126.8920445,범안로12길 29,관리번호: G116
그린파킹 CCTV,대한민국 서울특별시 금천구 범안로12길 21-11,37.4654767,126.8925695,범안로12길 21-11,관리번호: G117
그린파킹 CCTV,대한민국 서울특별시 금천구 시흥대로38길 4,37.4438016,126.9048037,시흥대로38길 4,관리번호: G118
그린파킹 CCTV,대한민국 서울특별시 금천구 시흥대로30길 19,37.4431668,126.9044569,시흥대로30길 19,관리번호: G119
그린파킹 CCTV,대한민국 서울특별시 금천구 시흥대로26길 11,37.4421056,126.9045843,시흥대로26길 11,관리번호: G120
그린파킹 CCTV,대한민국 서울특별시 금천구 시흥대로20길 21,37.4412812,126.9042008,시흥대로20길 21,관리번호: G121
그린파킹 CCTV,대한민국 서울특별시 금천구 시흥대로18길 10,37.4401783,126.9041005,시흥대로18길 10,관리번호: G122
그린파킹 CCTV,대한민국 서울특별시 금천구 시흥대로12길 13,37.4391753,126.9042767,시흥대로12길 13,관리번호: G123
그린파킹 CCTV,대한민국 서울특별시 금천구 시흥대로28길 35-16,37.4430697,126.9061331,시흥대로28길 35-16,관리번호: G124
그린파킹 CCTV,대한민국 서울특별시 금천구 시흥대로26길 36,37.4416623,126.9057558,시흥대로26길 36,관리번호: G125
그린파킹 CCTV,대한민국 서울특별시 금천구 시흥대로22길 24,37.4407525,126.9057838,시흥대로22길 24,관리번호: G126
그린파킹 CCTV,대한민국 서울특별시 금천구 시흥대로16길 30,37.439802,126.9058891,시흥대로16길 30,관리번호: G127
그린파킹 CCTV,대한민국 서울특별시 금천구 시흥대로18길 39,37.4405504,126.9058523,시흥대로18길 39,관리번호: G128
공원방범 CCTV,대한민국 서울특별시 금천구 독산동 1038-9,37.5136206,126.7519653,푸른골 어린이공원,관리번호: A111
공원방범 CCTV,대한민국 서울특별시 금천구 독산동,36.4269583,127.3885725,목화 어린이공원,관리번호: A112
공원방범 CCTV,대한민국 서울특별시 금천구 189-1,36.4269583,127.3885725,쌈지 어린이공원,관리번호: A113
공원방범 CCTV,대한민국 서울특별시 금천구 독산로39길 16,37.4588052,126.904248,독산로39길 16,관리번호: A114
공원방범 CCTV,대한민국 서울특별시 금천구 시흥동,35.2010134,126.8974014,비둘기 어린이공원,관리번호: A115
공원방범 CCTV,대한민국 서울특별시 금천구 시흥대로38길 61,37.44696,126.9039552,시흥대로38길 61 금천 폭포공원,관리번호: A116
공원방범 CCTV,대한민국 서울특별시 금천구 시흥동 791-35,37.7510418,127.0773712,송록 어린이공원,관리번호: A117
공원방범 CCTV,대한민국 서울특별시 금천구 시흥동,36.4269583,127.3885725,꾸러기 어린이공원,관리번호: A118
공원방범 CCTV,대한민국 서울특별시 관악구 봉천동 까치어린이공원,37.4797951,126.9595293,까치 어린이공원,관리번호: A119
어린이보호 CCTV,대한민국 서울특별시 금천구 독산로108길 37,37.479638,126.9059666,독산로108길 37,관리번호: C101
어린이보호 CCTV,대한민국 서울특별시 금천구 시흥대로98길 45,37.4642576,126.9002878,시흥대로98길 45 독산유치원 골목 끝,관리번호: C102
어린이보호 CCTV,대한민국 서울특별시 금천구 가산로 111,37.4755779,126.8929078,가산로111,관리번호: C103
어린이보호 CCTV,대한민국 서울특별시 금천구 독산4동 938-5 구립정심어린이집,37.4677401,126.9072848,정심 어린이집,관리번호: C104
어린이보호 CCTV,대한민국 서울특별시 금천구 독산로54길,37.4695115,126.9071222,독산로54길 251 개미 어린이집,관리번호: C105
어린이보호 CCTV,대한민국 서울특별시 금천구 시흥대로40길 93,37.4467177,126.9082454,시흥대로40길 93 자연유아 어린이집,관리번호: C106
어린이보호 CCTV,대한민국 서울특별시 금천구 독산로47가길 42,37.4604549,126.9021012,독산로47가길 42,관리번호: C107
어린이보호 CCTV,대한민국 서울특별시 금천구 가산로9길 35,37.4757763,126.8902367,가산로9길 35 모아래 어린이집,관리번호: C108
어린이보호 CCTV,대한민국 서울특별시 금천구 독산로1길 3,37.4488534,126.9034925,독산로1길 3 조형어린이집 골목끝,관리번호: C109
어린이보호 CCTV,대한민국 서울특별시 금천구 금하로3길 32,37.4548284,126.8976082,금하로3길 32,관리번호: C110
어린이보호 CCTV,대한민국 서울특별시 금천구 범안로 12길,35.8284724,128.6552358,범안로12길 63-3 기쁨 어린이집,관리번호: C111
어린이보호 CCTV,대한민국 서울특별시 금천구 금하로23길 20,37.4520105,126.9088341,금하로23길20,관리번호: C112
어린이보호 CCTV,대한민국 서울특별시 금천구 시흥대로41길 59,37.4494847,126.9014207,시흥대로41길 59 양문어린이집 부근,관리번호: C113
어린이보호 CCTV,대한민국 서울특별시 금천구 독산로94가길 17,37.4742758,126.9050815,독산로94가길 17,관리번호: C114
방범 CCTV,대한민국 서울특별시 금천구 독산로10길 56,37.4500242,126.9089805,독산로10길 56,관리번호: P132
어린이보호 CCTV,대한민국 서울특별시 금천구 시흥대로152길 35,37.4768604,126.9009534,시흥대로152길 35,관리번호: C115
어린이보호 CCTV,대한민국 서울특별시 금천구 시흥대로72길 13,37.4572046,126.9002329,시흥대로72길 13 세나유치원,관리번호: C116
어린이보호 CCTV,대한민국 서울특별시 금천구 시흥대로84길 12,37.4597922,126.9003023,시흥대로84길 12 맞은편,관리번호: C117
어린이보호 CCTV,대한민국 서울특별시 금천구 시흥대로150길 79,37.477391,126.9024945,시흥대로150길 79,관리번호: C118
어린이보호 CCTV,대한민국 서울특별시 금천구 시흥대로68길 36,37.4566304,126.901757,시흥대로68길 36,관리번호: C119
어린이보호 CCTV,대한민국 서울특별시 금천구 탑골로10길,37.4516123,126.9148911,탑골로10길,관리번호: C120
어린이보호 CCTV,대한민국 서울특별시 금천구 시흥대로12길 82,37.4402343,126.9074231,시흥대로12길 82 새길어린이집,관리번호: C121
어린이보호 CCTV,대한민국 서울특별시 금천구 독산로36길 14,37.4589501,126.9061709,독산로36길 14,관리번호: C122
어린이보호 CCTV,대한민국 서울특별시 금천구 시흥대로153길 36,37.4773168,126.8965588,시흥대로153길 36,관리번호: SN101
어린이보호 CCTV,대한민국 서울특별시 금천구 시흥대로148길 22,37.4749231,126.9000739,시흥대로148길 22,관리번호: SN102
방범 CCTV,대한민국 서울특별시 금천구 독산로54길 237,37.4724983,126.9060842,독산로54길 237,관리번호: P179
방범 CCTV,대한민국 서울특별시 금천구 독산로8길 67,37.4473602,126.9079524,독산로8길 67,관리번호: P268
방범 CCTV,대한민국 서울특별시 금천구 탑골로3길 5,37.4522732,126.9113236,탑골로3길 5,관리번호: P269
방범 CCTV,대한민국 서울특별시 금천구 금하로14길 20-13,37.4522015,126.9036719,금하로14길 20-13,관리번호: P270
방범 CCTV,대한민국 서울특별시 금천구 시흥대로62가길 21,37.4556432,126.9028565,시흥대로62가길 21,관리번호: P271
방범 CCTV,대한민국 서울특별시 금천구 시흥대로50길 25-7,37.4519377,126.9034949,시흥대로50길 25-7,관리번호: P272
방범 CCTV,대한민국 서울특별시 금천구 독산로33길 34-8,37.4571868,126.9033572,독산로33길 34-8,관리번호: P273
방범 CCTV,대한민국 서울특별시 금천구 독산로64길 70,37.466504,126.9059297,독산로64길 70,관리번호: P102
방범 CCTV,대한민국 서울특별시 금천구 독산로68길 60,37.46689,126.9049971,독산로68길 60,관리번호: P103
방범 CCTV,대한민국 서울특별시 금천구 독산로58길 42,37.4650051,126.9052925,독산로58길 42,관리번호: P104
방범 CCTV,대한민국 서울특별시 금천구 독산로60길 24,37.4647062,126.9042512,독산로60길 24,관리번호: P105
방범 CCTV,대한민국 서울특별시 금천구 독산로56길 18,37.463778,126.9042365,독산로56길 18,관리번호: P106
방범 CCTV,대한민국 서울특별시 금천구 독산로68길 15,37.4660906,126.9026473,독산로68길 15,관리번호: P107
방범 CCTV,대한민국 서울특별시 금천구 독산로67길 19,37.4648116,126.9015277,독산로67길 19,관리번호: P108
방범 CCTV,대한민국 서울특별시 금천구 시흥대로94길 72,37.4636142,126.9013451,시흥대로94길 72,관리번호: P109
방범 CCTV,대한민국 서울특별시 금천구 시흥대로100길 35,37.4641416,126.8992518,시흥대로100길 35,관리번호: P110
방범 CCTV,대한민국 서울특별시 금천구 시흥대로84길 59,37.4614375,126.9017635,시흥대로84길 59,관리번호: P111
방범 CCTV,대한민국 서울특별시 금천구 시흥대로88길 21,37.4611096,126.9002186,시흥대로88길 21,관리번호: P112
방범 CCTV,대한민국 서울특별시 금천구 독산로50길 141,37.4622456,126.9119669,독산로50길 141,관리번호: P113
방범 CCTV,대한민국 서울특별시 금천구 독산로40길 78,37.4613724,126.9086359,독산로40길 78,관리번호: P114
방범 CCTV,대한민국 서울특별시 금천구 독산로44다길 9,37.4615193,126.9063968,독산로44다길 9,관리번호: P115
방범 CCTV,대한민국 서울특별시 금천구 독산로36길 53,37.4603945,126.907348,독산로36길 53,관리번호: P116
방범 CCTV,대한민국 서울특별시 금천구 독산로50다길 32,37.4607874,126.9105683,독산로50다길 32,관리번호: P117
방범 CCTV,대한민국 서울특별시 금천구 독산로32가길 26,37.4584004,126.9066536,독산로32가길 26,관리번호: P118
방범 CCTV,대한민국 서울특별시 금천구 독산로32나길 36,37.4586071,126.9076713,독산로32나길 36,관리번호: P119
방범 CCTV,대한민국 서울특별시 금천구 독산로28길 22,37.4561463,126.9069758,독산로28길 22,관리번호: P120
방범 CCTV,대한민국 서울특별시 금천구 독산로24길 14,37.4549829,126.9066683,독산로24길 14,관리번호: P121
방범 CCTV,대한민국 서울특별시 금천구 독산로24길 51,37.4554279,126.9089009,독산로24길 51,관리번호: P122
방범 CCTV,대한민국 서울특별시 금천구 독산로24다길 22,37.4541995,126.907411,독산로24다길 22,관리번호: P123
방범 CCTV,대한민국 서울특별시 금천구 독산로20길 18,37.452916,126.9079484,독산로20길 18,관리번호: P124
방범 CCTV,대한민국 서울특별시 금천구 독산로22길 49,37.4532812,126.9089502,독산로22길 49,관리번호: P125
방범 CCTV,대한민국 서울특별시 금천구 금하로21길 17,37.4522943,126.9080445,금하로21길 17,관리번호: P126
방범 CCTV,대한민국 서울특별시 금천구 금하로23나길 33,37.4521036,126.9106253,금하로23나길 33,관리번호: P127
방범 CCTV,대한민국 서울특별시 금천구 금하로23가길 25,37.4517249,126.9101991,금하로23가길 25,관리번호: P128
방범 CCTV,대한민국 서울특별시 금천구 독산로22가길 6,37.4529457,126.9106843,독산로22가길 6,관리번호: P129
방범 CCTV,대한민국 서울특별시 금천구 은행나무로10길 5,37.4505761,126.9067946,은행나무로10길 5,관리번호: P130
방범 CCTV,대한민국 서울특별시 금천구 독산로10길 37,37.4502134,126.9080115,독산로10길 37,관리번호: P131
방범 CCTV,대한민국 서울특별시 금천구 금하로24길 82,37.4473174,126.9090763,금하로24길 82,관리번호: P133
방범 CCTV,대한민국 서울특별시 금천구 독산로8길 37,37.4487684,126.9074583,독산로8길 37,관리번호: P134
방범 CCTV,대한민국 서울특별시 금천구 금하로24길 82,37.4473174,126.9090763,금하로24길 82,관리번호: P135
방범 CCTV,대한민국 서울특별시 금천구 시흥대로40길 42,37.4473859,126.9059607,시흥대로40길 42,관리번호: P136
방범 CCTV,대한민국 서울특별시 금천구 벚꽃로56길 30,37.4845446,126.8824284,벚꽃로56길 30,관리번호: P137
방범 CCTV,대한민국 서울특별시 금천구 가산로3길 113,37.4718207,126.8893761,가산로3길 113,관리번호: P138
방범 CCTV,대한민국 서울특별시 금천구 범안로12가길 20,37.4656065,126.8926648,범안로12가길 20,관리번호: P139
방범 CCTV,대한민국 서울특별시 금천구 독산로80길 35,37.4704649,126.9049416,독산로80길 35,관리번호: P140
방범 CCTV,대한민국 서울특별시 금천구 독산로14길 3,37.4523581,126.906962,독산로14길 3,관리번호: P141
방범 CCTV,대한민국 서울특별시 금천구 독산로70길 84,37.4677741,126.9060785,독산로70길 84,관리번호: P142
방범 CCTV,대한민국 서울특별시 금천구 시흥대로118길 23,37.4683903,126.9000487,시흥대로118길 23,관리번호: P143
방범 CCTV,대한민국 서울특별시 금천구 시흥대로136길 24,37.472065,126.900464,시흥대로136길 24,관리번호: P144
방범 CCTV,대한민국 서울특별시 금천구 시흥대로150길 41,37.4761498,126.9010813,시흥대로150길 41,관리번호: P145
방범 CCTV,대한민국 서울특별시 금천구 독산로109길 26,37.4789226,126.9022822,독산로109길 26,관리번호: P146
방범 CCTV,대한민국 서울특별시 금천구 문성로1길 7,37.4770498,126.9042745,문성로1길 7,관리번호: P147
방범 CCTV,대한민국 서울특별시 금천구 독산로50길 183,37.4606636,126.9122961,독산로50길 183,관리번호: P148
방범 CCTV,대한민국 서울특별시 금천구 시흥대로90길 11,37.4612232,126.8987757,시흥대로90길 11,관리번호: P149
방범 CCTV,대한민국 서울특별시 금천구 시흥대로84길 54,37.4611969,126.902053,시흥대로84길 54,관리번호: P150
방범 CCTV,대한민국 서울특별시 금천구 탑골로2길 56,37.450389,126.9131728,탑골로2길 56,관리번호: P151
방범 CCTV,대한민국 서울특별시 금천구 시흥동 호암1터널,37.445854,126.9180343,호암1터널,관리번호: P152
방범 CCTV,대한민국 서울특별시 금천구 시흥대로40다길 28,37.4486109,126.9059146,시흥대로40다길 28,관리번호: P153
방범 CCTV,대한민국 서울특별시 금천구 독산로4길 18,37.4479648,126.9045474,독산로4길 18,관리번호: P154
방범 CCTV,대한민국 서울특별시 금천구 독산로32길 11,37.4574568,126.9061485,독산로32길 11,관리번호: P155
방범 CCTV,대한민국 서울특별시 금천구 시흥대로80길 39,37.4594147,126.901671,시흥대로80길 39,관리번호: P156
방범 CCTV,대한민국 서울특별시 금천구 독산로41길 7,37.4597989,126.9043307,독산로41길 7,관리번호: P157
방범 CCTV,대한민국 서울특별시 금천구 독산로29길 10,37.456205,126.9049495,독산로29길 10,관리번호: P158
방범 CCTV,대한민국 서울특별시 금천구 금하로9길 13,37.4552897,126.9021518,금하로9길 13,관리번호: P159
방범 CCTV,대한민국 서울특별시 금천구 벚꽃로48길 7,37.4838349,126.8824571,벚꽃로48길 7,관리번호: P192
방범 CCTV,대한민국 서울특별시 금천구 시흥대로123길 66,37.4721877,126.8952629,시흥대로123길 66,관리번호: P194
방범 CCTV,대한민국 서울특별시 금천구 시흥대로 457,37.4744183,126.8978292,시흥대로457,관리번호: P196
방범 CCTV,대한민국 서울특별시 금천구 가산디지털2로 98,37.4768505,126.8811806,가산디지털2로 98,관리번호: P198
방범 CCTV,대한민국 서울특별시 금천구 벚꽃로10길 94,37.4645705,126.8952857,벚꽃로10길 94,관리번호: P200
방범 CCTV,대한민국 서울특별시 금천구 범안로 1172,37.4663281,126.8919793,범안로1172,관리번호: P202
방범 CCTV,대한민국 서울특별시 금천구 금하로1마길 15-8,37.4528524,126.8896171,금하로1마길 15-8,관리번호: P204
방범 CCTV,대한민국 서울특별시 금천구 벚꽃로56길 50,37.4839525,126.8832728,벚꽃로56길 50,관리번호: P206
방범 CCTV,대한민국 서울특별시 금천구 범안로15길 52,37.4686247,126.8925378,범안로15길 52,관리번호: P209
방범 CCTV,대한민국 서울특별시 금천구 탑골로10길 3,37.4518415,126.9146538,탑골로10길 3,관리번호: P210
방범 CCTV,대한민국 서울특별시 금천구 금하로29길 15,37.4507428,126.9124556,금하로29길 15,관리번호: P212
방범 CCTV,대한민국 서울특별시 금천구 남부순환로130길 32,37.4790542,126.9081154,남부순환로130길 32,관리번호: P214
방범 CCTV,대한민국 서울특별시 금천구 시흥대로39길 52,37.446713,126.900539,시흥대로39길 52 은행마을 주택앞,관리번호: P216
방범 CCTV,대한민국 서울특별시 금천구 시흥대로73길 70,37.4567667,126.8954005,시흥대로73길 70 금나래아트홀,관리번호: P217
방범 CCTV,대한민국 서울특별시 금천구 범안로16길 24-26,37.465671,126.8944545,범안로16길 24-26,관리번호: P218
방범 CCTV,대한민국 서울특별시 금천구 벚꽃로46길 18,37.4828444,126.8835765,벚꽃로46길 18,관리번호: P219
방범 CCTV,대한민국 서울특별시 금천구 금하로 674,37.4525091,126.9051627,금하로674,관리번호: P220
방범 CCTV,대한민국 서울특별시 금천구 두산로3길 49,37.4726442,126.8886935,두산로3길 49,관리번호: P221
방범 CCTV,대한민국 서울특별시 금천구 금하로1라길 33,37.4536035,126.8904412,금하로1라길 33,관리번호: P222
방범 CCTV,대한민국 서울특별시 금천구 시흥대로94길 20,37.4621505,126.8990719,시흥대로94길 20,관리번호: P223
방범 CCTV,대한민국 서울특별시 금천구 독산로103길 14,37.4765938,126.9027108,독산로103길 14,관리번호: P224
방범 CCTV,대한민국 서울특별시 금천구 남부순환로120길 17-21,37.4777107,126.9017968,남부순환로120길 17-21,관리번호: P225
방범 CCTV,대한민국 서울특별시 금천구 독산로72길 10-8,37.4674357,126.902527,독산로72길 10-8,관리번호: P226
방범 CCTV,대한민국 서울특별시 금천구 독산로70다길 16,37.4677326,126.9040375,독산로70다길 16,관리번호: P227
방범 CCTV,대한민국 서울특별시 금천구 금하로9길 4-15,37.4547097,126.9025683,금하로9길 4-15,관리번호: P228
방범 CCTV,대한민국 서울특별시 금천구 독산로21길 5,37.4535505,126.9056335,독산로21길 5,관리번호: P229
방범 CCTV,대한민국 서울특별시 금천구 독산로36길 94,37.4608904,126.909424,독산로36길 94,관리번호: P230
방범 CCTV,대한민국 서울특별시 금천구 시흥대로114길 5,37.4680446,126.89854,시흥대로114길 5 아카시아병원뒤,관리번호: P231
방범 CCTV,대한민국 서울특별시 금천구 시흥대로74길 35,37.4579248,126.9020014,시흥대로74길 35 해태공원,관리번호: P232
방범 CCTV,대한민국 서울특별시 금천구 독산로43가길 20,37.460404,126.9032131,독산로43가길 20,관리번호: P233
방범 CCTV,대한민국 서울특별시 금천구 독산로33길 40-2,37.4569488,126.9031516,독산로33길 40-2,관리번호: P234
방범 CCTV,대한민국 서울특별시 금천구 독산로5길 24,37.4500828,126.9046104,독산로5길 24,관리번호: P235
방범 CCTV,대한민국 서울특별시 금천구 탑골로 73,37.4529552,126.9167162,탑골로73 우리교회앞,관리번호: P236
방범 CCTV,대한민국 서울특별시 금천구 시흥대로,37.4506854,126.9012586,시흥대로 16길 76,관리번호: P237
방범 CCTV,대한민국 서울특별시 금천구 시흥대로14길,37.4393726,126.9050795,시흥대로 14길,관리번호: P238
방범 CCTV,대한민국 서울특별시 금천구 시흥대로149길 60,37.4749398,126.8947193,시흥대로149길 60,관리번호: P239
방범 CCTV,대한민국 서울특별시 금천구 남부순환로108길 20,37.4780539,126.8921375,남부순환로 108길 20,관리번호: P240
방범 CCTV,대한민국 서울특별시 금천구 범안로17길 17-5,37.4672412,126.8940391,범안로17길 17-5,관리번호: P241
방범 CCTV,대한민국 서울특별시 금천구 금하로1길 17,37.4525941,126.8921458,금하로 1길 17,관리번호: P242
방범 CCTV,대한민국 서울특별시 금천구 시흥대로 343,37.464213,126.8971448,시흥대로 343,관리번호: P243
방범 CCTV,대한민국 서울특별시 금천구 시흥대로82길 14,37.4594787,126.9006076,시흥대로 82길 14,관리번호: P244
방범 CCTV,대한민국 서울특별시 금천구 독산로64길,37.4661597,126.905516,독산로64길,관리번호: P245
방범 CCTV,대한민국 서울특별시 금천구 독산로85길 39,37.4724749,126.9008401,독산로 85길 39,관리번호: P246
방범 CCTV,대한민국 서울특별시 금천구 시흥대로148길 38-18,37.474503,126.9007278,시흥대로 148길 38-18,관리번호: P247
방범 CCTV,대한민국 서울특별시 금천구 독산로75길 39,37.4690656,126.9001936,독산로75길 39,관리번호: P248
방범 CCTV,대한민국 서울특별시 금천구 독산로72길 50,37.4682942,126.9045425,독산로 72길 50,관리번호: P249
방범 CCTV,대한민국 서울특별시 금천구 금하로 631-6,37.4551092,126.9014447,금하로 631-6,관리번호: P250
방범 CCTV,대한민국 서울특별시 금천구 독산로45길 12,37.4614798,126.903793,독산로45길 12,관리번호: P251
방범 CCTV,대한민국 서울특별시 금천구 탑골로 65,37.4524024,126.9161658,탑골로65,관리번호: P252
방범 CCTV,대한민국 서울특별시 금천구 탑골로13길 18,37.4529073,126.9163055,탑골로13길 18,관리번호: P253
방범 CCTV,대한민국 서울특별시 금천구 시흥대로 133-1,37.4459322,126.9032029,시흥대로 133-1,관리번호: P254
방범 CCTV,대한민국 서울특별시 금천구 시흥대로,37.4506854,126.9012586,시흥대로 122뒤,관리번호: P255
방범 CCTV,대한민국 서울특별시 금천구 독산로40길 10,37.4597476,126.9054991,독산로40길 10,관리번호: P256
방범 CCTV,대한민국 서울특별시 금천구 독산로36길 88-5,37.4607268,126.9092749,독산로36길 88-5,관리번호: P257
방범 CCTV,대한민국 서울특별시 금천구 금하로24길 94-29,37.4466351,126.9086658,금하로24길 94-29,관리번호: P258
방범 CCTV,대한민국 서울특별시 금천구 탑골로4길 18-10,37.4513659,126.9123166,탑골로4길 18-10,관리번호: P259
방범 CCTV,대한민국 서울특별시 금천구 남부순환로124길 15,37.4787797,126.9030033,남부순환로124길 15,관리번호: P260
방범 CCTV,대한민국 서울특별시 금천구 시흥대로146길 26,37.4738393,126.900092,시흥대로146길 26,관리번호: P261
방범 CCTV,대한민국 서울특별시 금천구 문성로3길 92,37.4773797,126.9094422,문성로3길 92,관리번호: P262
방범 CCTV,대한민국 서울특별시 금천구 독산로102길 17,37.475918,126.904646,독산로102길 17,관리번호: P263
방범 CCTV,대한민국 서울특별시 금천구 문성로 22,37.4763386,126.9060848,문성로 22,관리번호: P264
방범 CCTV,대한민국 서울특별시 금천구 독산로47길 30,37.4622996,126.9026111,독산로47길 30,관리번호: P265
방범 CCTV,대한민국 서울특별시 금천구 시흥대로94길 25,37.4624534,126.899194,시흥대로94길 25,관리번호: P266
방범 CCTV,대한민국 서울특별시 금천구 금하로 728-13,37.4502555,126.9108137,금하로 728-13,관리번호: P267
방범 CCTV,대한민국 서울특별시 금천구 독산로58가길 68,37.4649216,126.9069769,독산로58가길 68,관리번호: P101
방범 CCTV,대한민국 서울특별시 금천구 남부순환로128길 14,37.4795782,126.9069986,남부순환로128길 14,관리번호: P180
방범 CCTV,대한민국 서울특별시 금천구 독산로80길 13,37.4711394,126.9039335,독산로80길 13,관리번호: P181
방범 CCTV,대한민국 서울특별시 금천구 독산로70다길 64,37.4687779,126.906178,독산로70다길 64,관리번호: P182
방범 CCTV,대한민국 서울특별시 금천구 독산로70라길 14,37.4676325,126.9048981,독산로70라길 14,관리번호: P183
방범 CCTV,대한민국 서울특별시 금천구 독산로75길 12-7,37.469427,126.9015551,독산로75길 12-7,관리번호: P184
방범 CCTV,대한민국 서울특별시 금천구 시흥대로128길 34,37.4700958,126.9001333,시흥대로128길 34,관리번호: P185
방범 CCTV,대한민국 서울특별시 금천구 벚꽃로38길 35,37.4826211,126.884455,벚꽃로38길 35,관리번호: P186
방범 CCTV,대한민국 서울특별시 금천구 가산로5길 43,37.4734504,126.8921274,가산로5길 43,관리번호: P188
방범 CCTV,대한민국 서울특별시 금천구 남부순환로110길 31,37.477559,126.8934529,남부순환로110길 31,관리번호: P190