Column1,새주소,지번주소,X,Y,콘텐츠 명,구명,상세정보 값 1
0,이화장길 99,종로구 동숭동 187-12,127.0042742,37.5796904,이랑씨어터,종로구,공연장
2,세종대로 175 세종이야기,종로구 세종로 81-3,126.9760547,37.57221735,세종체임버홀,종로구,공연장
3,세종대로 175 세종이야기,종로구 세종로 81-3,126.9760547,37.57221735,세종M씨어터,종로구,공연장
4,동숭길 122,종로구 동숭동 1-5,127.0036829,37.58366283,동숭아트센터,종로구,공연장
5,종로33길 15,종로구 연지동 270,127.0012071,37.57189146,연강홀,종로구,공연장
6,대학로8길 7,종로구 동숭동 1-111,127.0029591,37.58119107,아르코예술극장대극장,종로구,공연장
7,대학로8길 7,종로구 동숭동 1-111,127.0029591,37.58119107,아르코예술극장소극장,종로구,공연장
8,동숭길 122,종로구 동숭동 1-5,127.0036829,37.58366283,동숭아트센터 소극장,종로구,공연장
9,대학로5길 3-2,종로구 연건동 132-1,127.0017486,37.57818268,극단 연단,종로구,공연장
10,지봉로5길 7-5,종로구 창신동 222-8,127.0144689,37.57350761,종로구민회관 대강당,종로구,공연장
11,대학로12길 38,종로구 동숭동 1-81,127.0037181,37.58248513,정보소극장,종로구,공연장
12,대학로 60,종로구 연건동 178-1,127.0025675,37.57651585,대학로극장,종로구,공연장
13,대학로 60,종로구 연건동 178-1,127.0025675,37.57651585,청운글로브극장,종로구,공연장
14,동숭4길 16-3,종로구 동숭동 12-6,127.0045608,37.58330525,단막극장,종로구,공연장
15,성균관로 87,종로구 명륜1가 5,126.998279,37.58997235,극단연우무대,종로구,공연장
16,새문안로 75,종로구 신문로1가 57,126.9729506,37.57063115,금호아트홀,종로구,공연장
17,자하문로 242,종로구 부암동 208-71,126.9640843,37.59573639,부암아트홀,종로구,공연장
18,창경궁로 254,종로구 명륜2가 41-4,127.0000055,37.58369193,한성아트홀 1관,종로구,공연장
19,창경궁로 254,종로구 명륜2가 41-4,127.0000055,37.58369193,한성아트홀 2관,종로구,공연장
20,대학로12길 15,종로구 동숭동 1-54,127.003,37.583,극단 아룽구지,종로구,공연장
21,동숭길 39,종로구 동숭동 1-53,127.0030415,37.58276519,(봄날아트홀) 소극장아리랑,종로구,공연장
22,성균관로 91,종로구 혜화동 1-21,126.9988294,37.59034921,국민생활관소극장,종로구,공연장
23,대학로12길 63,종로구 동숭동 1-89,127.0040084,37.58122993,까망소극장,종로구,공연장
24,대학로 132,종로구 동숭동 1-35,127.0020738,37.58308759,아티스탄홀,종로구,공연장
25,대학로9길 18,종로구 명륜4가 111-2,127.000835,37.58183982,소극장축제,종로구,공연장
26,대학로 116,종로구 동숭동 1-115,127.0023248,37.5815401,샘터파랑새극장,종로구,공연장
27,창경궁로 258-12,종로구 명륜2가 21-18,127.0004013,37.583727,열린극장,종로구,공연장
28,세종대로 175 세종이야기,종로구 세종로 81-3,126.9760547,37.57221735,세종문화회관대극장,종로구,공연장
29,동숭길 125,종로구 동숭동 1-42,127.0032759,37.58328831,상상Art Blue,종로구,공연장
30,대학로12길 46,종로구 동숭동 1-79,127.0030294,37.5839267,학전그린소극장,종로구,공연장
31,대학로12길 46,종로구 동숭동 1-79,127.0037129,37.58207964,학전블루소극장,종로구,공연장
32,대학로10길 24,종로구 동숭동 1-97,127.003516,37.58160288,SM틴틴홀,종로구,공연장
33,대학로10길 11,종로구 동숭동 1-61,127.0027871,37.58188163,세우아트센타,종로구,공연장
34,대학로8가길 129,종로구 동숭동 1-133,127.0034992,37.58031594,물빛극장,종로구,공연장
35,창경궁로 263,종로구 명륜2가 8-1,127.0003524,37.58486853,예술극장 나무와물,종로구,공연장
36,대학로8가길 79,종로구 동숭동 1-74,127.0035269,37.58248645,an 아트홀 대학로관,종로구,공연장
37,동숭길 55,종로구 동숭동 1-145,127.004145,37.58076488,르?메이에르 소극장,종로구,공연장
38,대학로8가길 85,종로구 동숭동 1-80,127.0036298,37.58227032,문화공간 필링 1관,종로구,공연장
39,대학로8가길 111,종로구 동숭동 1-100,127.0035067,37.58099211,갈갈이홀,종로구,공연장
40,동숭길 25,종로구 동숭동 1-140,127.0036837,37.57992671,알과핵소극장,종로구,공연장
41,동숭길 133,종로구 동숭동 1-38,127.002714,37.58334482,상명Art Hall,종로구,공연장
42,대학로12길 31,종로구 동숭동 1-45,127.0036005,37.58275553,피엠씨대학로자유극장,종로구,공연장
43,동숭길 143,종로구 동숭동 1-37,127.0024308,37.58325156,신연아트홀,종로구,공연장
44,율곡로3길 87,종로구 소격동 144-2,126.9818254,37.57941676,아트선재센타,종로구,공연장
45,돈화문로 15,종로구 관수동 59-7,126.9917799,37.56979196,점프전용관,종로구,공연장
46,이화장길 26,종로구 이화동 139,127.0039214,37.57662244,예술마당4관,종로구,공연장
47,이화장길 26,종로구 이화동 139,127.0039214,37.57662244,예술마당1관,종로구,공연장
48,이화장길 26,종로구 이화동 139,127.0039214,37.57662244,예술마당2관,종로구,공연장
49,이화장길 26,종로구 이화동 139,127.0039214,37.57662244,예술마당3관,종로구,공연장
50,새문안로75,종로구 신문로1가 57,126.973,37.571,문호아트홀,종로구,공연장
51,대학로 60,종로구 연건동 178-1,127.0025675,37.57651585,김동수플레이하우스,종로구,공연장
52,대학로14길 29,종로구 혜화동 163-24,127.0023203,37.58460571,동그라미극장,종로구,공연장
53,대학로14길 29,종로구 혜화동 163-24,127.0023203,37.58460571,세모극장,종로구,공연장
54,대학로14길 29,종로구 혜화동 163-24,127.0023203,37.58460571,네모극장,종로구,공연장
55,우정국로 55,종로구 견지동 45,126.982,37.574,전통문화예술공연장,종로구,공연장
56,대학로8가길 85,종로구 동숭동 1-80,127.0036298,37.58227032,문화공간 필링 2관,종로구,공연장
57,김상옥로 37 연동교회,종로구 연지동 136-12,127.0015886,37.57356736,열림홀,종로구,공연장
58,광나루로 458,광진구 화양동 303-1,127.0806971,37.54424608,청암전시관,광진구,미술관
59,대학로10길 26,종로구 동숭동 1-96,127.0037063,37.58160038,동키홀,종로구,공연장
60,인왕산로1길 21,종로구 사직동 284-1,126.9646504,37.57426934,광화문아트홀,종로구,공연장
61,종로33길 15,종로구 연지동 270,127.0012071,37.57189146,두산아트센터 Space111,종로구,공연장
62,혜화로 10-3,종로구 혜화동 74-38,127.0004765,37.58663737,소극장 모시는 사람들,종로구,공연장
63,혜화로5길 5,종로구 명륜1가 46-11,126.9997523,37.58682092,선돌극장,종로구,공연장
64,혜화로9길 7,종로구 명륜1가 36-4,126.9993922,37.5876973,나온씨어터,종로구,공연장
65,삼일대로 428,종로구 낙원동 284-6,126.98779,37.57256886,사랑하면 춤을춰라 전용관,종로구,공연장
66,대학로10길 17,종로구 동숭동 1-67,127.0031649,37.58208038,대학로예술극장 ,종로구,공연장
67,대학로10길 17,종로구 동숭동 1-67,127.0031649,37.58208038,대학로예술극장 소극장,종로구,공연장
68,대학로12길 69,종로구 동숭동 1-92,127.0039442,37.58102547,에스엠아트홀,종로구,공연장
69,이화장길 100,종로구 동숭동 187-8,127.0046483,37.57979685,대학로예술극장 3관,종로구,공연장
70,대학로12길 83,종로구 동숭동 1-181,127.0039331,37.58025919,대학로 아트원씨어터 1관,종로구,공연장
71,대학로12길 83,종로구 동숭동 1-181,127.0039331,37.58025919,대학로 아트원씨어터 2관,종로구,공연장
72,대학로 144,종로구 혜화동 185,127.0021514,37.58395869,한양레퍼토리씨어터,종로구,공연장
73,창덕궁길 29-4,종로구 원서동 157-1,126.9889684,37.57895262,북촌아트홀,종로구,공연장
74,성균관로 87,종로구 명륜1가 5,126.998279,37.58997235,Ground-SYN(그라운드 씬),종로구,공연장
75,대학로10길 5,종로구 동숭동 1-60,127.0025572,37.58188562,해피씨어터,종로구,공연장
76,대학로12길 73,종로구 동숭동 1-144,127.0039562,37.58076841,컬처스페이스 엔유(쁘띠첼 씨어터),종로구,공연장
77,대학로10길 5,종로구 동숭동 1-60,127.0025572,37.58188562,대학로바탕골소극장,종로구,공연장
78,대학로 116,종로구 동숭동 1-115,127.0023248,37.5815401,샘터파랑새극장2관,종로구,공연장
79,혜화로6길 9,종로구 혜화동 15-29,127.0004378,37.5874448,게릴라극장,종로구,공연장
80,대명1길 20,종로구 명륜4가 69-1,127.0006326,37.58269157,피카소 소극장,종로구,공연장
81,대학로11길 23,종로구 명륜4가 113-1,127.0004657,37.58207201,대학로스타시티 오씨어터,종로구,공연장
82,대학로11길 23,종로구 명륜4가 113-1,127.0004657,37.58207201,대학로스타시티 TM Stage,종로구,공연장
83,대학로11길 23,종로구 명륜4가 113-1,127.0004657,37.58207201,대학로스타시티 SM Stage,종로구,공연장
84,동숭길 126,종로구 동숭동 1-6,127.003,37.584,동덕코튼홀,종로구,공연장
85,대학로 19,종로구 연지동 136-46,127.0015908,37.57290943,파라디소,종로구,공연장
86,동숭길 50,종로구 동숭동 130-47,127.0045667,37.5805814,마로니에극장,종로구,공연장
87,창덕궁길 29-38,종로구 원서동 174,126.9884336,37.57883802,북촌나래홀,종로구,공연장
88,대학로12길 83,종로구 동숭동 1-181,127.0039331,37.58025919,대학로아트원씨어터3관,종로구,공연장
89,대학로 146,종로구  혜화동 90-18,127.0020615,37.58424267,소리아트홀3관,종로구 ,공연장
90,대학로 146,종로구  혜화동 90-18,127.002,37.584,소리아트홀1관,종로구 ,공연장
91,대학로 146,종로구  혜화동 90-18,127.002,37.584,소리아트홀2관,종로구 ,공연장
92,대학로8가길 36,종로구 동숭동 1-57,127.0024383,37.58249512,뮤디스홀,종로구,공연장
93,동숭길 133,종로구 동숭동 1-38,127.002714,37.58334482,상명 Art Hall 2관,종로구,공연장
94,동숭길 68,종로구 동숭동 128-5,127.0042999,37.58132836,키득키득아트홀,종로구,공연장
95,자하문로 82,종로구 효자동 70-1,126.9706823,37.58334596,경복궁아트홀,종로구,공연장
96,삼일대로 386 ,종로구 관철동 33-1,126.9881348,37.56895369,시네코아1관,종로구,공연장
97,삼일대로 386 ,종로구 관철동 33-1,126.9881348,37.56895369,시네코아2관,종로구,공연장
98,이화장길 86-8,종로구 동숭동 192-10,127.0049096,37.57892336,중앙대학교 공연예술원 스튜디오시어터,종로구,공연장
99,인사동길 34-1,종로구 관훈동 21,126.9855682,37.5738514,인사동 소극장 움터,종로구,공연장
100,대학로 57,종로구 연건동 128-8,127.0014448,37.57653376,홍익대 대학로 아트센터 대극장,종로구,공연장
101,대학로 57,종로구 연건동 128-8,127.0014448,37.57653376,홍익대 대학로 아트센터 소극장,종로구,공연장
102,대학로 89,종로구 연건동 39,127.0017795,37.57916707,SJA HALL,종로구,공연장
103,동숭길 100,종로구 동숭동 25-5,127.0043944,37.58286963,대학로뮤지컬센터 대극장,종로구,공연장
104,동숭길 100,종로구 동숭동 25-5,127.0043944,37.58286963,대학로뮤지컬센터 중극장,종로구,공연장
105,대학로12길 64,종로구 동숭동 1-94,127.0037007,37.58119498,유니플렉스 1관,종로구,공연장
106,대학로12길 64,종로구 동숭동 1-94,127.0037007,37.58119498,유니플렉스 2관,종로구,공연장
107,대학로12길 64,종로구 동숭동 1-94,127.0037007,37.58119498,유니플렉스 3관,종로구,공연장
108,장충단로 59,중구 장충동2가 산 14-67,127.000114,37.55286439,국립중앙극장 해오름극장,중구,공연장
109,장충단로 59,중구 장충동2가 산 14-67,127.000114,37.55286439,국립중앙극장 달오름극장,중구,공연장
110,장충단로 59,중구 장충동2가 산 14-67,127.000114,37.55286439,국립중앙극장 별오름극장,중구,공연장
111,장충단로 59,중구 장충동2가 산 14-67,127.000114,37.55286439,국립중앙극장 하늘극장,중구,공연장
112,퇴계로 387 충무아트홀,중구 흥인동 131,127.0148437,37.56592307,충무아트홀 대극장,중구,공연장
113,퇴계로 387 충무아트홀,중구 흥인동 131,127.0148437,37.56592307,충무아트홀 중극장 블랙,중구,공연장
114,퇴계로 387 충무아트홀,중구 흥인동 131,127.0148437,37.56592307,충무아트홀 소극장 블루,중구,공연장
115,명동8길 27 엠 플라자,중구 명동2가 31-1,126.9851455,37.56249227,해치홀,중구,공연장
116,명동길 35 명동예술극장,중구 명동1가 54,126.9842004,37.56396999,명동예술극장,중구,공연장
117,정동길 43,중구 정동 8-11,126.9728677,37.56587251,정동극장,중구,공연장
118,정동길 3,중구 정동 22,126.9699623,37.56816665,강북정동웨딩극장,중구,공연장
119,새문안로 22,중구 충정로1가 68,126.9686732,37.56709891,문화일보홀,중구,공연장
120,소파로 138,중구 예장동 8-19,126.9883248,37.55895426,남산예술센터(드라마센터),중구,공연장
121,명동길 26,중구 명동2가 50-14,126.9837455,37.56344718,명동난타극장,중구,공연장
122,남대문시장10길 2,중구 회현동1가 204,126.9796007,37.56036952,메사팝콘홀,중구,공연장
123,퇴계로36길 10 한국의집,중구 필동2가 80-2,126.9946109,37.56019568,한국의집 민속극장,중구,공연장
124,세종대로19길 16,중구 정동 3-7,126.975901,37.566778,세실극장,중구,공연장
125,퇴계로34길 28,중구 필동2가 84-1,126.9939971,37.55836448,남산국악당,중구,공연장
126,삼일대로9길 12,중구 저동1가 20-2,126.9879683,37.56346966,삼일로창고극장,중구,공연장
127,마른내로 47 명보극장,중구 초동 18-5,126.9932167,37.5646809,명보아트홀 하람홀,중구,공연장
128,마른내로 47 명보극장,중구 초동 18-5,126.9932167,37.5646809,명보아트홀 다온홀,중구,공연장
129,마른내로 47 명보극장,중구 초동 18-5,126.9932167,37.5646809,명보아트홀 가온홀,중구,공연장
130,통일로 120,중구 충정로1가 85,126.9675269,37.56585168,NH아트홀,중구,공연장
131,필동로1길 30 ,중구 필동3가 26,127.0005738,37.55838514,동국대 이해랑예술극장,중구,공연장
132,동호로 272,중구 장충동2가 190-10,127.0037538,37.55931022,스테이지팩토리  홀,중구,공연장
133,정동길 3,중구 정동 22-8,126.970142,37.56798417,경향 아트힐 4관,중구,공연장
134,정동길 3,중구 정동 22-8,126.970142,37.56798417,경향 아트힐 6관,중구,공연장
135,정동길 3,중구 정동 22-8,126.970142,37.56798417,경향 아트힐 5관,중구,공연장
136,정동길3,중구 정동 22,126.9917799,37.56979196,JUMP 전용극장,중구,공연장
137,서빙고로 137 국립중앙박물관,용산구 용산동6가 168-6,126.982,37.523,극장  용,용산구,공연장
138,이태원로 294,용산구 한남동 727-56,127.0026313,37.54069739,블루스퀘어 뮤지컬공연장,용산구,공연장
139,이태원로 294,용산구 한남동 727-56,127.0026313,37.54069739,블루스퀘어 콘서트공연장,용산구,공연장
140,녹사평대로 150,용산구 이태원동 34-87,126.9901628,37.53255715,용산아트홀  대극장 미르,용산구,공연장
141,녹사평대로 150,용산구 이태원동 34-87,126.9901628,37.53255715,용산아트홀  소극장 가람,용산구,공연장
142,장문로6길 93,용산구 동빙고동 1-54,126.9959989,37.52619422,Project  Box '시야',용산구,공연장
144,왕십리로 281,성동구 행당동 142-16,127.0361049,37.55935938,소월아트홀,성동구,공연장
146,뚝섬로1길 43,성동구 성수동1가 656-323,127.0469559,37.54541178,성수아트홀,성동구,공연장
147,능동로 120,광진구 화양동 1,127.0737096,37.54253663,건국대학교  새천년대공연장,광진구,공연장
148,능동로 76 광진문화예술회관,광진구 자양동 227-344,127.0706338,37.53751439,나루아트센터  대공연장,광진구,공연장
149,능동로 76 광진문화예술회관,광진구 자양동 227-344,127.0706338,37.53751439,나루아트센터  소공연장,광진구,공연장
150,구천면로 20,광진구 광장동 319-33,127.1080354,37.54573076,유니클로  악스,광진구,공연장
151,능동로 209,광진구 군자동 98,127.074102,37.55068776,세종대학교  대양홀,광진구,공연장
152,능동로 216,광진구 능동 18,127.0815522,37.54959137,(주)돔아트홀(와팝홀),광진구,공연장
153,워커힐로 177,광진구 광장동 21,127.1113061,37.55568275,워커힐  씨어터,광진구,공연장
154,천호대로 664 선화예술중고등학교,광진구 능동 25,127.0873208,37.55039147,유니버설아트센터,광진구,공연장
155,광나루로 447,광진구 능동 18-11,127.0778173,37.54679677,어린이회관  무지개극장,광진구,공연장
156,아차산로 272 스타시티 2층,광진구 자양동 227-7,127.0726156,37.53779794,롯데시네마 건대입구관(제5관),광진구,공연장
157,구천면로 2,광진구 광장동 313-3,127.1064951,37.54618505,서울시립광진청소년수련관대극장,광진구,공연장
158,능동로 110,광진구 화양동 4-20,127.0713984,37.5406649,스타시티  아트홀,광진구,공연장
159,구의강변로 38,광진구 구의동 595,127.0918699,37.53416161,동서울아트홀,광진구,공연장
160,용마산로 215 면목근로청소년아파트,중랑구 면목4동 378-5,127.0853409,37.57354571,중랑구민회관,중랑구,공연장
161,동소문로 177,성북구 돈암동 51-49,127.0214218,37.59779656,아리랑아트홀,성북구,공연장
162,대사관로 3,성북구 성북동 330-115,126.9843071,37.59713857,삼청각,성북구,공연장
163,한천로95길 7,성북구 장위동 135-2,127.055822,37.61749723,성북청소년수련관,성북구,공연장
164,화랑로32길 146-20,성북구 석관동 산 1-5,127.0560088,37.60381819,한국예술종합학교(중극장),성북구,공연장
165,화랑로32길 146-20,성북구 석관동 산 1-5,127.0560088,37.60381819,한국예술종합학교(소극장),성북구,공연장
166,삼선교로 14,성북구 삼선동1가 35,127.0072954,37.5875737,극장 봄,성북구,공연장
167,삼각산로 85,강북구 수유동 360-10,127.0134065,37.64078798,강북문화예술회관  대공연장,강북구,공연장
168,월계로 173 북서울꿈의숲,강북구 번동 산 28-6,127.04088,37.62097093,북서울 꿈의 숲 아트센터 콘서트홀,강북구,공연장
169,월계로 173 북서울꿈의숲,강북구 번동 산 28-6,127.04088,37.62097093,북서울 꿈의 숲 아트센터 퍼포먼스홀,강북구,공연장
170,도봉로 552,도봉구 창5동 303,127.0386088,37.65409869,도봉구민회관  대강당,도봉구,공연장
171,도봉로 552,도봉구 창5동 303,127.0386088,37.65409869,도봉구민회관  소공연장,도봉구,공연장
172,노해로69길 132,도봉구 창4동 1-6,127.0507971,37.65713369,시립창동문화체육센터 공연장,도봉구,공연장
173,광운로1길 24,노원구 월계동 447-1,127.0596531,37.61969955,광운대학교  문화관 대극장,노원구,공연장
174,중계로 181,노원구 중계본동 364-3,127.0799699,37.65015836,노원문화예술회관  대공연장,노원구,공연장
175,중계로 181,노원구 중계본동 364-3,127.08,37.65,노원문화예술회관  소공연장,노원구,공연장
176,섬밭로 258,노원구 중계동 506-1,127.0647346,37.63882122,옴니아트홀,노원구,공연장
177,노해로 502,노원구 상계동 723,127.0636714,37.65444893,노원어울림극장,노원구,공연장
178,녹번로 16,은평구 녹번동 85-4,126.9283547,37.60391345,은평구문화예술회관,은평구,공연장
179,명물길 12-4,서대문구 창천동 18-29,126.9371935,37.55630215,The  stage(더스테이지),서대문구,공연장
180,이화여대길 52,서대문구 대현동 11-1,126.9474325,37.56254832,ECC  삼성홀,서대문구,공연장
181,충정로 7,서대문구 충정로3가 476,126.9622394,37.56012256,충정로  난타극장,서대문구,공연장
182,백련사길 39,서대문구 홍은동 산 26-155,126.9315078,37.58081499,서대문문화체육회관,서대문구,공연장
183,신촌역로 13,서대문구 대현동 104-1,126.9425083,37.55779806,퀸라이브홀,서대문구,공연장
184,신촌로 129,서대문구 창천동 20-24,126.9405264,37.55653557,무빙온,서대문구,공연장
185,대흥로20길 28,마포구 대흥동 30-3,126.9455438,37.54997544,마포아트센터 아트홀맥,마포구,공연장
186,와우산로 148 창무예술원,마포구 창전동 5-92,126.9296608,37.55412236,포스트극장,마포구,공연장
187,와우산로 121 삼진제약사옥,마포구 서교동 338-8,126.927,37.554,에스제이비보이극장,마포구,공연장
188,어울마당로 65,마포구 서교동 367-5,126.9210197,37.55099138,상상마당 라이브홀,마포구,공연장
189,창전로 14 CJ아지트,마포구 신정동 145-9,126.9301967,37.5442457,씨제이아지트(CJ azit),마포구,공연장
190,신촌로20길 19,마포구 노고산동 33-22,126.9384863,37.5544703,소통홀,마포구,공연장
191,대흥로20길 28,마포구 대흥동 30-3,126.9455438,37.54997544,마포아트센터 플레이맥,마포구,공연장
192,와우산로 157,마포구 서교동 327-9,126.9294268,37.55592658,소극장 산울림,마포구,공연장
193,어울마당로 94-8,마포구 서교동 358-116,126.9221447,37.55310548,블루라이트 라이브 홀,마포구,공연장
194,독막로2길 30,마포구 합정동 372-17,126.9142959,37.5472839,얘기 아트 시어터,마포구,공연장
195,월드컵북로2길 49,마포구 동교동 158-2,126.9230363,37.55721935,가톨릭청년회관 CY씨어터,마포구,공연장
196,어울마당로 35,마포구 서교동 402-22,126.920118,37.5484769,롤링홀,마포구,공연장
197,양화로12길 6,마포구 서교동 395-152,126.9174934,37.55165078,프리즘,마포구,공연장
198,양화로16길 29,마포구 서교동 357-4,126.9212297,37.55325314,홍대난타극장,마포구,공연장
199,와우산로18길 30,마포구 서교동 360-14,126.9240567,37.5514569,Junyfore 디딤홀,마포구,공연장
200,홍익로 25,마포구 서교동 356-1,126.9221022,37.55442705,브이홀,마포구,공연장
201,월드컵로26길 39,마포구 성산동 249-10,126.9099171,37.55947007,성미산마을극장,마포구,공연장
202,포은로 14,마포구 합정동 393-18,126.909292,37.54947381,불과얼음 뮤지컬 워크숍극장,마포구,공연장
203,양화로 45,마포구 서교동 490,126.9135188,37.54912481,롯데카드 아트홀,마포구,공연장
204,양화로 45,마포구 서교동 490,126.9135188,37.54912481,롯데카드 아트스페이스,마포구,공연장
205,독막로15길 3-12,마포구 상수동 313-3,126.9215112,37.54846771,아트홀 베짱이,마포구,공연장
206,신촌로20길 20,마포구 노고산동 31-39,126.9382422,37.55436065,볼륨일레븐,마포구,공연장
207,양화로 19,마포구 합정동 471,126.911,37.549,LIG아트홀,마포구,공연장
208,양화로 100-10,마포구 서교동 372-5,126.9189683,37.55250833,인디팍,마포구,공연장
209,와우산로 117 eG PLUS 오피스텔,마포구 서교동 338-39,126.926381,37.55361929,김대범소극장,마포구,공연장
210,목동서로 367,양천구 신정동 322,126.8632464,37.51654706,양천문화회관,양천구,공연장
211,목동서로 143,양천구 목1동 918,126.8754686,37.53073426,목동청소년수련관,양천구,공연장
212,목동동로 233,양천구 목동 923-5,126.8714904,37.52695673,브로드홀(방송회관),양천구,공연장
213,오목로 169,양천구 신정4동 917-21,126.8561946,37.52520876,드라폼(Draform),양천구,공연장
214,우장산로 66,강서구 내발산동 산 19-1,126.8416179,37.55195727,강서구민회관  우장홀,강서구,공연장
215,가마산로25길 33,구로구 구로5동 102,126.8895396,37.49694601,구로구민회관  대강당,구로구,공연장
216,새말로 97,구로구 구로5동 3-25,126.8903024,37.50697055,프라임아트홀,구로구,공연장
217,가마산로25길 9-24,구로구 구로동 101,126.8889471,37.49655651,구로아트밸리예술극장,구로구,공연장
218,구로중앙로 134,구로구 구로5동 501,126.8840927,37.499897,상상나눔씨어터(예술나무씨어터),구로구,공연장
219,경인로 662,구로구 신도림동 692,126.8888803,37.50858272,통통이소극장,구로구,공연장
220,경인로 662,구로구 신도림동 692,126.8888803,37.50858272,스페이스신도림(디큐브아트센터),구로구,공연장
221,경인로 662,구로구 신도림동 692,126.8888803,37.50858272,디큐브씨어터(디큐브아트센터),구로구,공연장
222,시흥대로73길 70,금천구 시흥동 1020,126.895,37.457,금나래아트홀,금천구,공연장
223,독산로54길 188 금천,금천구 독산4동 371-2,126.9072487,37.47013514,구민문화체육센터,금천구,공연장
224,독산로54길 188 금천,금천구 독산4동 371-2,126.9072487,37.47013514,금천문화회관,금천구,공연장
225,두산로 71,금천구 독산동 295-10,126.8956899,37.47058995,레미어린이극장(금천),금천구,공연장
226,여의공원로 13,영등포구 여의도동 18,126.9163647,37.52535866,KBS홀,영등포구,공연장
227,신길로 39,영등포구 대림동 909-2,126.9080509,37.49645635,썬프라자아트홀,영등포구,공연장
228,여의공원로 101,영등포구 여의도동 12,126.9248943,37.52924748,영산아트홀,영등포구,공연장
229,63로 50,영등포구 여의동 60,126.9400566,37.51983104,63아트홀,영등포구,공연장
230,국회대로 596,영등포구 당산동3가 3,126.9001253,37.52618097,영등포아트홀,영등포구,공연장
231,영중로 15 타임스퀘어,영등포구 영등포동4가 442,126.9033245,37.51707326,CGV아트홀,영등포구,공연장
232,국회대로 535,영등포구 당산동4가 93-1,126.8951086,37.5294177,틴아트홀,영등포구,공연장
233,여의동로 252,영등포구 여의도동 86,126.9429904,37.52228866,아리수 아트홀,영등포구,공연장
235,신림로3길 35,관악구 대학동 209-1,126.9447869,37.46750879,관악문화관ㆍ도서관  공연장,관악구,공연장
236,바우뫼로37길 45,서초구 양재1동 20-4,127.0383893,37.48047297,영산양재홀,서초구,공연장
237,남부순환로 2364,서초구 서초3동 700,127.0152276,37.48108445,국립국악원  예악당,서초구,공연장
238,남부순환로 2364,서초구 서초3동 700,127.0152276,37.48108445,국립국악원  우면당,서초구,공연장
239,명달로 104,서초구 서초3동 1515-3,127.0045324,37.48641354,모차르트콘서트홀,서초구,공연장
240,남부순환로 2364,서초구 서초동 700,127.0152276,37.48108445,예술의전당  리사이트홀,서초구,공연장
241,남부순환로 2406 예술의전당,서초구 서초동 700,127.015,37.481,예술의전당  오페라극장,서초구,공연장
242,남부순환로 2406 예술의전당,서초구 서초동 700,127.015,37.481,예술의전당  자유소극장,서초구,공연장
243,남부순환로 2364,서초구 서초동 700,127.009,37.478,예술의전당  콘서트홀,서초구,공연장
244,남부순환로 2364,서초구 서초동 700,127.0152276,37.48108445,예술의전당  토월극장,서초구,공연장
245,남부순환로 2364,서초구 서초동 700,127.0152276,37.48108445,예술의전당 음악당 IBK챔버홀,서초구,공연장
246,바우뫼로12길 70,서초구 양재2동 202,127.0327983,37.46677089,더케이서울호텔  대극장,서초구,공연장
247,효령로72길 60,서초구 서초동 1355,127.0279824,37.4856957,한전아트센터 ,서초구,공연장
248,남부순환로 2374,서초구 서초동 1753,127.0104288,37.4776464,한국예술종합학교  크누아홀,서초구,공연장
249,반포대로 150,서초구 서초동 1720-4,127.0072629,37.49342489,㈜흰물결  화이트홀,서초구,공연장
250,반포대로 287,서초구 반포2동 18-3,127.0008343,37.50433575,반포아트홀  M,서초구,공연장
251,동광로19길 15,서초구 방배본동 794-29,126.989115,37.49309661,두리춤터(FOYER),서초구,공연장
252,동광로19길 15,서초구 방배본동 794-29,126.9891176,37.49309957,두리춤터(Black  Box),서초구,공연장
253,법원로3길 22,서초구 서초동 1708-7,127.0082467,37.49323527,씨어터송,서초구,공연장
254,잠원로 51,서초구 잠원동 70-2,127.0074215,37.50923432,뉴코아  소극장,서초구,공연장
255,일원로 90,강남구 일원동 713,127.0823064,37.48576729,밀알학교  세라믹 팔레스홀,강남구,공연장
256,논현로 508 GS타워,강남구 역삼동 679,127.0367824,37.50209136,LG아트센터,강남구,공연장
257,삼성로 154,강남구 대치2동 509-2,127.0641323,37.49384629,강남구민회관강당,강남구,공연장
258,학동로20길 25,강남구 논현동 133-13,127.0285364,37.51151007,논현1동  문화예술관,강남구,공연장
259,학동로43길 17,강남구 논현동 114-24,127.0285364,37.51151007,논현2동  문화예술관,강남구,공연장
260,압구정로 128,강남구 신사동 548-1,127.0227219,37.52399292,신사동  문화예술관,강남구,공연장
261,선릉로111길 6,강남구 논현동 268-16,127.042936,37.5110374,성암아트센타,강남구,공연장
262,봉은사로 406 서울중요무형문화재전수회관,강남구 삼성동 112-2,127.0446327,37.51022354,민속극장풍류,강남구,공연장
263,테헤란로92길 12-9,강남구 대치동 944-22,127.0604555,37.50683427,코우스,강남구,공연장
264,도산대로58길 16 청담빌딩,강남구 청담동 22-13,127.0412414,37.52223775,유시어터,강남구,공연장
265,테헤란로113길 7,강남구 삼성동 170-5,127.0659003,37.51053342,백암아트홀,강남구,공연장
266,테헤란로87길 58,강남구 삼성동 159,127.0588044,37.51251584,코엑스아트홀,강남구,공연장
267,논현로 164,강남구 도곡동 514-1,127.0421563,37.48426477,라트어린이극장,강남구,공연장
268,언주로 337,강남구 역삼동 772,127.0440783,37.4977868,예림당아트홀(동영문화센터),강남구,공연장
269,테헤란로 117,강남구 역삼동 649-11,127.0302471,37.49919032,LIG아트홀,강남구,공연장
270,논현로4길 36,강남구 개포동 1166,127.052928,37.47368489,M극장(DTM),강남구,공연장
271,영동대로 416,강남구 대치동 1002,127.0653571,37.5066055,KT&G  상상아트홀,강남구,공연장
272,언주로174길 30,강남구 신사동 640-2,127.0362284,37.52785681,압구정예홀(압구정클럽),강남구,공연장
273,남부순환로378길 34-9,강남구 도곡동 459,127.0463572,37.48372795,도곡2소극장,강남구,공연장
274,테헤란로87길 58,강남구 삼성동 159,127.0588044,37.51251584,오디토리움,강남구,공연장
275,도산대로 108,강남구 논현동 1-3,127.020604,37.51625367,동양아트홀,강남구,공연장
276,테헤란로87길 58,강남구 삼성동 159,127.0588044,37.51251584,코엑스아티움(코엑스아트움),강남구,공연장
277,언주로 844,강남구 신사동 634-10,127.0338488,37.52564107,윤당아트홀  1관,강남구,공연장
278,언주로 844,강남구 신사동 634-10,127.034,37.526,윤당아트홀  2관,강남구,공연장
279,도산대로27길 43,강남구 신사동 566-31,127.027361,37.52277499,오퍼스홀,강남구,공연장
280,봉은사로 446 올림푸스타워 A동,강남구 삼성동 114-9,127.0484214,37.51132747,올림푸스홀,강남구,공연장
281,선릉로 806,강남구 청담동 86,127.0396019,37.52385941,일지아트홀,강남구,공연장
282,학동로 171,강남구 논현동 58-3,127.0291634,37.51412464,삼익피아노홀,강남구,공연장
283,도산대로51길 40,강남구 신사동 657-32,127.0382791,37.52574418,로데오극장,강남구,공연장
284,논현로161길 20,강남구 신사동 569-2,127.0264945,37.52369746,더  블루블랙 전용극장,강남구,공연장
285,선릉로 805,강남구 신사동 666-9,127.0390072,37.5241103,크크,강남구,공연장
286,백제고분로42길 5,송파구 송파동 113-2,127.1097656,37.5058964,송파여성문화회관  소극장,송파구,공연장
287,올림픽로 240,송파구 잠실동 40-1,127.0979259,37.51128341,롯데월드 야외공연장(호반무대),송파구,공연장
288,올림픽로 240,송파구 잠실동 40-1,127.0979259,37.51128341,롯데월드  가든스테이지,송파구,공연장
289,올림픽로 240,송파구 잠실동 40-1,127.0979259,37.51128341,롯데월드  마술극장,송파구,공연장
290,올림픽로 240,송파구 잠실동 40-1,127.0979259,37.51128341,환상의  오딧세이,송파구,공연장
291,올림픽로 240,송파구 잠실동 40-1,127.0979259,37.51128341,롯데월드  예술극장,송파구,공연장
292,올림픽로 240,송파구 잠실동 40-1,127.0979259,37.51128341,샤롯데  씨어터,송파구,공연장
293,올림픽로 424,송파구 방이동 88-2,127.1260315,37.5170167,우리금융아트홀,송파구,공연장
294,올림픽로 424 올림픽공원,송파구 방이동 88,127.1161502,37.52103074,올림픽홀,송파구,공연장
295,올림픽로 424 올림픽공원,송파구 방이동 88,127.1161502,37.52103074,뮤즈라이브,송파구,공연장
296,잠원로 51,서초구 잠원동 70-2,127.0074215,37.50923432,엔씨소극장,서초구,공연장
297,올림픽로 424 올림픽공원,송파구 방이동 88,127.1161502,37.52103074,K-아트홀(태권도공연장),송파구,공연장
298,동남로 870,강동구 상일동 477,127.1575034,37.55111916,강동아트센터  대극장 한강,강동구,공연장
299,동남로 870,강동구 상일동 산 46-2,127.1575034,37.55111916,강동아트센터  소극장 드림,강동구,공연장
300,성내로6길 16,강동구 성내동 556-1,127.1224373,37.52917177,강동어린이회관(아이누리홀),강동구,공연장
301,올림픽로 930,강동구 암사동 116-22,127.1333435,37.5634512,암사어린이극장,강동구,공연장
302,성안로 30,강동구 성내동 435-9,127.1303134,37.52629102,호원아트홀,강동구,공연장
303,덕수궁길 61,중구 서소문동 37,126.9744242,37.56430075,서울시립미술관,중구,미술관
304,새문안로 55,종로구 신문로2가 2-1,126.9688177,37.57074942,서울시립미술관경희궁분관,종로구,미술관
305,남부순환로 2080,관악구 남현동 1059-13,126.9795472,37.47616401,서울시립미술관남서울분관,관악구,미술관
306,성북로 134,성북구 성북동 246,126.9948684,37.59480042,성북구립미술관,성북구,미술관
307,옥인1길 34,종로구 옥인동 168-2,126.9667335,37.58136019,종로구립 박노수미술관,종로구,미술관
308,관악로 1,관악구 신림동 산 56-1,126.9571315,37.45333696,서울대학교미술관,관악구,미술관
309,청파동2가 효창원길 52 숙명대학교 문신미술관,용산구 청파동2가 52,126.9653773,37.54559663,숙명여자대학교문신미술관,용산구,미술관
310,공릉로 232 서울과학기술대학교 다빈치관 2층(39번건물),노원구 공릉동 172,127.0798599,37.63297058,서울과학기술대학교 미술관,노원구,미술관
311,초안산로 12,노원구 월계동 648,127.055,37.631,인덕대학교 아정미술관,노원구,미술관
312,남부순환로 2364,서초구 서초동 700,127.0152276,37.48108445,예술의전당서예관,서초구,미술관
313,남부순환로 2364,서초구  서초동 700,127.0152276,37.48108445,예술의전당한가람디자인미술관,서초구 ,미술관
314,남부순환로 2364,서초구  서초동 700,127.0152276,37.48108445,예술의전당한가람미술관,서초구 ,미술관
315,올림픽로 424,송파구 방이동 88-2,127.1260315,37.5170167,소마미술관,송파구,미술관
316,동숭길 3,종로구 동숭동 1-130,127.0029658,37.5800835,아르코미술관,종로구,미술관
317,삼청로 18,종로구 사간동 78,126.9798914,37.57746404,금호미술관,종로구,미술관
318,자하문로4길 21,종로구 통의동 35-1,126.9732733,37.57747896,대림미술관,종로구,미술관
319,일원로 90,강남구 일원동 713,127.0823064,37.48576729,밀알미술관,강남구,미술관
320,율곡로 49-4,종로구 안국동 159,126.9845571,37.57656948,사비나미술관,종로구,미술관
321,이태원로55길 60-16,용산구 한남동 747-18,126.9989746,37.53865143,삼성미술관Leeum,용산구,미술관
322,평창31길 27,종로구 평창동 456-5,126.9765776,37.61160558,상원미술관,종로구,미술관
323,경희궁길 42,종로구 신문로2가 1-101,126.9698201,37.57354166,성곡미술관,종로구,미술관
324,63로 50,영등포구 여의도동 60,126.9400566,37.51983104,63스카이 아트미술관,영등포구,미술관
325,율곡로3길 87,종로구 소격동 144-2,126.9818254,37.57941676,아트선재센터,종로구,미술관
326,종로 26,종로구 서린동 99,126.9803468,37.56961422,아트센터나비,종로구,미술관
327,선잠로 12-11,성북구 성북동 55-1,126.9997571,37.59477584,운우판화미술관,성북구,미술관
328,청계천로 1,종로구 세종로 139,126.9776447,37.56954717,일민미술관,종로구,미술관
329,창의문로5가길 46,종로구 부암동 362-21,126.9603182,37.58937828,자하미술관,종로구,미술관
330,중앙로 555,서초구 우면동 610-11,127.012,37.458,유리지공예관,서초구,미술관
331,언주로 827 ,강남구 신사동 627-8,127.0326061,37.52400227,코리아나미술관,강남구,미술관
332,평창32길 8,종로구 평창동 465-16,126.9757207,37.6120932,토탈미술관,종로구,미술관
333,테헤란로 440,강남구 대치동 892,127.0561399,37.50578528,포스코미술관,강남구,미술관
334,위례성대로 14,송파구 방이동 45,127.1139197,37.51656174,한미사진미술관,송파구,미술관
335,남부순환로 2423,서초구 서초동 1449-12,127.015408,37.48180614,한원미술관,서초구,미술관
336,언주로 552,강남구 역삼동 688-4,127.0403165,37.50737938,헬로우뮤지움,강남구,미술관
337,자하문로40길 63,종로구 부암동 210-8,126.9662497,37.59429513,환기미술관,종로구,미술관
338,우정국로 45-14,종로구 수송동 46-15,126.9820909,37.57318457,OCI미술관,종로구,미술관
339,새문안로 41,종로구 신문로2가 58,126.9696491,37.56900294,경찰박물관,종로구,박물관
340,효자로 12 ,종로구 세종로 1-57,126.976613,37.57701426,고궁박물관,종로구,박물관
341,장충단로 59,중구 장충동2가 산 14-67,127.000114,37.55286439,공연예술박물관,중구,박물관
342,언주로 721,강남구 논현2동 71,127.0340043,37.51814702,관세박물관,강남구,박물관
343,삼청로 37,종로구 세종로 1-1,126.976836,37.58084117,국립민속박물관,종로구,박물관
344,서빙고로 137 국립,용산구 용산동6가 168-6,126.9822196,37.52303236,국립중앙박물관,용산구,박물관
345,남부순환로 2364,서초구 서초동 700,127.0152276,37.48108445,국립국악원 국악박물관,서초구,박물관
346,세종대로 198,종로구 세종로 82-1,126.9779078,37.57391212,대한민국역사박물관,종로구,박물관
347,남부순환로2572,서초구 서초동 1376-2,127.031,37.483,외교사전시실,서초구,박물관
348,종로5길 86,종로구 수송동 104,126.9798538,37.57406238,조세박물관,종로구,박물관
349,우정국로 59 우정총국,종로구 견지동 39-7,126.9825955,37.57443731,체신기념관,종로구,박물관
350,북촌로5길 48 정독도서관,종로구 화동 2,126.9830263,37.58077321,서울교육박물관,종로구,박물관
351,능동로 238,광진구 능동 18,127.0815522,37.54959137,서울상상나라,광진구,박물관
352,새문안로 55,종로구 신문로2가 2-1,126.9688177,37.57074942,서울역사박물관,종로구,박물관
353,왕십리로 27,성동구 성수동1가 642-1,127.0422256,37.53982158,수도박물관,성동구,박물관
354,소파로 46(회현동 1가 100-177) 교육연구정보원 23 층,중구 회현동 1가 100-177,126.981743,37.55401925,지구촌민속교육박물관,중구,박물관
355,청계천로 530,성동구 마장동 527-4,127.0348949,37.57118805,청계천문화관,성동구,박물관
356,위례성대로 71,송파구 방이동 88-20,127.1208437,37.51539641,한성백제박물관,송파구,박물관
357,양천로47길 36 겸재정선기,강서구 가양1동 243-1,126.8386984,37.57223036,겸재정선기념관,강서구,박물관
358,연희로32길 51,서대문구 연희동 산5 -58,126.9374482,37.57653883,서대문자연사박물관,서대문구,박물관
359,통일로 251,서대문구 현저동 101,126.956152,37.57420997,서대문형무소역사관,서대문구,박물관
360,왕산로 128,동대문구 용두동 787,127.037657,37.57779011,서울약령시한의약박물관,동대문구,박물관
361,손기정로 101 손기정공원,중구 만리동2가 6-1,126.9648204,37.55557486,손기정기념관,중구,박물관
362,허준로 87,강서구 가양2동 26-5,126.8509593,37.56802028,허준박물관,강서구,박물관
363,삼성로 29,강남구 개포2동 152,127.0658883,37.48670918,경기여고 경운박물관,강남구,박물관
364,동숭길 122,종로구 동숭동 1-5,127.0036829,37.58366283,꼭두박물관,종로구,박물관
365,바우뫼로7길 111,서초구 우면동 56,127.0220026,37.4735921,관문사성보박물관,서초구,박물관
366,새문안로 16,중구 충정로1가 75-1,126.9684336,37.56640014,농업박물관,중구,박물관
367,도산대로45길 20,강남구 신사동 649-9,127.0350996,37.52438627,도산안창호기념관,강남구,기념관
368,올림픽로 240,송파구 잠실동  40-1,127.0979259,37.51128341,롯데월드민속박물관,송파구,박물관
369,서소문로11길 19,중구 정동 34-5,126.9722704,37.56369796,배재학당역사박물관,중구,박물관
370,임정로 26,용산구 효창동 255,126.9602994,37.54516887,백범김구기념관,용산구,기념관
371,돈화문로 71,종로구 와룡동 164-2,126.9906274,37.5748864,떡박물관,종로구,박물관
372,삼양로149가길 53,강북구 우이동 86-4,127.0086298,37.65366399,박을복자수박물관,강북구,박물관
373,우정국로 55,종로구 견지동 45,126.9823155,37.57388282,불교중앙박물관,종로구,박물관
375,목동동로 206-1,양천구 목1동 405-207,126.8719642,37.52391346,생명과학박물관,양천구,박물관
376,명동길 74-2 샬트르성바오로수녀회,중구 명동2가 1-6,126.9880311,37.56241532,샬트르성바오로수녀회역사박물관,중구,박물관
377,올림픽로 448 서울올림픽파크텔,송파구 방이동 88,127.1161502,37.52103074,서울올림픽기념관,송파구,기념관
378,테헤란로 58 슈페리어타워,강남구 대치동 945-5,127.061898,37.50812781,세계골프역사박물관,강남구,박물관
379,청계천로 1,종로구 세종로 139,126.9776447,37.56954717,신문박물관,종로구,박물관
380,소월로91,중구 남대문로5가 471-2,126.9803874,37.55370942,안중근의사기념관,중구,기념관
381,평창30길 81,종로구 평창동 499-3,126.9717195,37.6119064,영인문학관,종로구,박물관
382,소공로 51,중구 회현동1가 203,126.9814888,37.55922914,우리은행 은행사박물관,중구,박물관
383,중앙로 262 메디-바이오플렉스,양천구 신정동 1031-9,126.853432,37.5198568,울트라건축박물관,양천구,박물관
384,63로 50,영등포구 여의도동  60,126.9400566,37.51983104,63씨월드(수족관),영등포구,박물관
385,대학로 95,종로구 연건동 28-21,126.9994745,37.58070831,의학박물관,종로구,박물관
386,정동길 26 심슨기념관,중구 정동 32,126.971,37.566,이화박물관,중구,박물관
387,효령로72길 60,서초구 서초동 1355,127.0279824,37.4856957,전기박물관,서초구,박물관
388,월드컵북로11길 20,마포구 성산동 39-13,126.9148824,37.56005084,전쟁과여성인권박물관,마포구,박물관
389,이태원로 29 전쟁기념관,용산구 용산동1가 8,126.9770973,37.53630892,전쟁기념관,용산구,기념관
390,장충단로 166,중구 장충동1가 62-35,127.0061845,37.55967178,종이나라박물관,중구,박물관
391,성균관로4길 45,종로구 명륜2가 8-4,126.9998323,37.58491299,짚풀생활사박물관,종로구,박물관
392,언주로 827 ,강남구 신사동 627-8,127.0326061,37.52400227,코리아나화장박물관,강남구,박물관
393,밤고개로14길 13-51,강남구 자곡동 285,127.1029137,37.47896562,탄허기념박물관,강남구,기념관
394,오류로8라길 44,구로구 오류2동 150-15,126.8440471,37.4919606,평강성서유물박물관,구로구,박물관
395,영동대로 513 코엑스,강남구 삼성동 159,127.0588044,37.51251584,풀무원김치박물관,강남구,박물관
396,올림픽로35길 137 한국광고문화회관,송파구 신천동 7-11,127.0992289,37.51583437,한국광고박물관,송파구,박물관
397,세종대로 135-5,중구 태평로1가 62-12,126.9764052,37.5685833,한국금융사박물관,중구,박물관
398,남대문로 39,중구 남대문로3가 110,126.9799763,37.5621432,한국은행화폐박물관,중구,박물관
399,여의대방로67길 11,영등포구 여의도동 44-31,126.9302672,37.51978085,한국잡지박물관    ,영등포구,박물관
400,토정로 6,마포구 합정동 96-1,126.9120798,37.54411605,한국천주교순교자박물관,마포구,박물관
401,동호로 268,중구 장충동 186-210,127.0041496,37.55980675,한국현대문학관,중구,박물관
402,혜화로9길 20,종로구 명륜1가 33-100,126.9986602,37.58775638,한무숙문학관,종로구,박물관
403,성북로15길 9,성북구 성북동 126-20,127.0003326,37.59289976,혜곡최순우기념관,성북구,기념관
404,남부순환로152길 53,관악구 미성동 1707,126.9183453,37.48110851,호림박물관,관악구,박물관
405,평창8길 3,종로구 평창동 273-1,126.9659685,37.60461755,화정박물관,종로구,박물관
406,창덕궁길 73,종로구 원서동 108-4,126.9889407,37.58073906,한국미술박물관,종로구,박물관
407,북촌로12길 17,종로구 가회동 11-103,126.9856508,37.5821281,가회민화박물관,종로구,박물관
408,홍지문1길 4,종로구 홍지동 44,126.9289493,37.55363106,김달진미술자료박물관,종로구,박물관
409,와우산로30길 36,마포구 창전동 6-32,126.9298167,37.55325309,근현대디자인박물관,마포구,박물관
410,불광로 135,은평구 불광동 13-27,126.9325456,37.6187839,다문화박물관,은평구,박물관
411,북촌로6길 1,종로구 가회동 208-7,126.9851857,37.58016602,명인박물관,종로구,박물관
412,인사동11길 20,종로구 견지동 82,126.9836404,37.57389691,목인박물관,종로구,박물관
413,인사동길 9,종로구 관훈동 192-10,126.9845371,37.57356883,보나장신구박물관,종로구,박물관
414,북촌로11길 76,종로구 삼청동 35-91,126.9835311,37.58386122,북촌동양문화박물관,종로구,박물관
415,북촌로7길 4,종로구 가회동 170-4,126.9847487,37.58032827,북촌박물관,종로구,박물관
416,삼청로4길 21,종로구 삼청동 35-117,126.9819821,37.58241106,북촌생활사박물관,종로구,박물관
417,비봉길 2-2,종로구 구기동 126-4,126.9570568,37.60869994,삼성출판박물관,종로구,박물관
418,북촌로5나길 2,종로구 화동 75-3,126.9817912,37.58097152,세계장신구박물관,종로구,박물관
419,이화장길 100,종로구 동숭동 187-8,127.0046483,37.57979685,쇳대박물관,종로구,박물관
420,세검정로 209-17,종로구 홍지동 36-20,126.9556622,37.59947631,쉼박물관,종로구,박물관
421,삼양로 574-41,도봉구 쌍문동 497-15,127.0146875,37.65450785,옹기민속박물관,도봉구,박물관
422,창의문로11가길 4,종로구 부암동 302-5,126.9626416,37.59366023,유금와당박물관,종로구,박물관
423,서초중앙로2길 35,서초구 서초1동 1444-21,127.0191731,37.48410646,인도박물관,서초구,박물관
424,퇴계로18길 66 제일빌딩,중구 남산동1가 20,126.9842424,37.55813664,초전섬유퀼트박물관,중구,박물관
425,돈화문로9길 27,종로구 낙원동 154,126.9902703,37.57158816,춘원당한방박물관,종로구,박물관
426,대사관로 121,성북구 성북동 330-577,126.9930349,37.60003753,한국가구박물관,성북구,박물관
427,논현로132길 34,강남구 논현동 89-4,127.0333102,37.51541769,한국자수박물관,강남구,박물관
428,율곡로 241-2 충신빌딩,종로구 충신동 55-1,127.0055143,37.57546571,한국현대의상박물관,종로구,박물관
429,한남대로 108,용산구 한남동 722-9,127.005,37.538,한익환서울아트박물관,용산구,박물관
430,혜화로3가길 4,종로구 명륜1가 42,126.9988947,37.586541,현대시박물관,종로구,박물관
431,능동로 120,광진구 화양동 1,127.0737096,37.54253663,건국대 박물관,광진구,박물관
432,경희대로 26,동대문구 회기동 1-5,127.0513787,37.5967071,경희대 자연사박물관,동대문구,박물관
433,경희대로 26,동대문구 회기동 1-5,127.0513787,37.5967071,경희대 중앙박물관,동대문구,박물관
434,경희대로 26,동대문구 이문동 264-388,127.0552228,37.5977272,경희대 한의학박물관,동대문구,박물관
435,안암동5가 1,성북구 안암동5가 1,127.0351222,37.58870764,고려대 박물관,성북구,박물관
436,정릉로 77 국민대학교,성북구 정릉동 861-1,126.9965603,37.61114093,국민대 박물관,성북구,박물관
437,삼양로144길 33 덕성여대,도봉구 쌍문동 419,127.0165556,37.65129496,덕성여대 박물관,도봉구,박물관
438,필동로1길 30 ,중구 필동3가 26,127.0005738,37.55838514,동국대 박물관,중구,박물관
439,화랑로 815,노원구 공릉2동 26-21,127.1060109,37.64289778,삼육대 박물관,노원구,박물관
440,평창문화로 151,종로구 평창동 577-7,126.9759462,37.6105462,상명대 박물관,종로구,박물관
441,관악로 1,관악구 신림동 산56-1,126.9571315,37.45333696,서울대 박물관,관악구,박물관
442,대학로 103,종로구 연건동 28-2,126.9994745,37.58070831,서울대 치의학대학원치의학박물관,종로구,박물관
443,서울시립대로 163 서울시립대학교,동대문구 전농동 90,127.0572624,37.58337117,서울시립대 박물관,동대문구,박물관
444,화랑로 612,노원구 공릉2동 126,127.090467,37.62776913,서울여대 박물관,노원구,박물관
445,성균관로 41,종로구 명륜3가 53,126.9957252,37.58579131,성균관대 박물관,종로구,박물관
446,보문로34다길 2,성북구 동선동3가 249-1,127.0212043,37.59225002,성신여대 박물관,성북구,박물관
447,능동로21길 37,광진구 군자동 98,127.074102,37.55068776,세종대 박물관,광진구,박물관
448,청파로47다길 5-5,용산구 청파동2가 52,126.9653773,37.54559663,숙명여대 박물관,용산구,박물관
449,청파로47길 100,용산구 청파동2가 53-6,126.9651021,37.54542331,숙명여대 정영양자수박물관,용산구,박물관
450,연세로 50,서대문구 신촌동 134,126.9394795,37.56469254,연세대 박물관,서대문구,박물관
451,화랑로574 정보관리관,노원구 공릉동 77-1,127.0828874,37.62482293,육군박물관 ,노원구,박물관
452,이화여대길 52,서대문구 대현동 11-1,126.9474327,37.56254822,이화여대 박물관,서대문구,박물관
453,이화여대길 52,서대문구 대현동 11-1,126.9456875,37.5610548,이화여대 자연사박물관,서대문구,박물관
454,왕십리로 222,성동구 행당동 17,127.044711,37.555184,한양대 박물관,성동구,박물관
455,와우산로 94,마포구 상수동 72-1,126.9260157,37.5505746,홍익대 박물관,마포구,박물관
456,반포대로 201,서초구 반포동 산 60-1,127.0029868,37.4974012,국립중앙도서관,서초구,도서관
457,의사당대로 1,영등포구 여의도동 1,126.9171468,37.5312314,국회도서관,영등포구,도서관
458,테헤란로7길 21,강남구 역삼1동 635-1,127.0296826,37.5009177,국립어린이청소년도서관,강남구,도서관
459,세종대로 110,중구 태평로1가 31,126.9777369,37.5662953,서울도서관,중구,도서관
460,사직로9길 7,종로구 사직동 1-28,126.9678491,37.5765022,서울시립어린이도서관,종로구,도서관
461,북촌로5길 48 정독도서관,종로구 화동 2,126.9829289,37.5809966,정독도서관,종로구,도서관
462,사직로9길 15-14,종로구 사직동 1-28,126.9664372,37.576457,종로도서관,종로구,도서관
463,소월로 109,용산구 후암동 30-84,126.9813187,37.5530297,남산도서관,용산구,도서관
464,두텁바위로 160,용산구 후암동 30-90,126.9801148,37.55195,용산도서관,용산구,도서관
465,천호대로4길 22,동대문구 신설동 109-4,127.0247589,37.5735182,동대문도서관,동대문구,도서관
466,삼양로 556,도봉구 쌍문동 422-163,127.013012,37.652754,도봉도서관,도봉구,도서관
467,동일로204길 13,노원구 중계동 508,127.0677056,37.6393524,노원평생학습관,노원구,도서관
468,모래내로 412,서대문구 연희동 1-116,126.9408307,37.583387,서대문도서관,서대문구,도서관
469,홍익로2길 16,마포구 서교동 341-1,126.9242262,37.55426579,마포평생학습관,마포구,도서관
470,마포대로 224,마포구 아현 602-1,126.9572305,37.55386544,마포평생학습관 아현분관,마포구,도서관
471,목동서로 113,양천구 목5동 905,126.8759349,37.5336302,양천도서관,양천구,도서관
472,등촌로51나길 29,강서구 등촌동 520-6,126.8598997,37.5478398,강서도서관,강서구,도서관
473,고척로45길 31,구로구 고척2동 산 9-14,126.8530478,37.505211,고척도서관,구로구,도서관
474,공원로 15,구로구 구로5동 106-1,126.8917011,37.49850126,구로도서관,구로구,도서관
475,버드나루로15길 10,영등포구 당산동 121-22,126.9073413,37.5260287,영등포평생학습관,영등포구,도서관
476,서울특별시 동작구 장승배기로 94,동작구 노량진2동 310-150,126.9401508,37.50592491,동작도서관,동작구,도서관
477,선릉로116길 45,강남구 삼성동 28,127.0469661,37.513679,강남도서관,강남구,도서관
478,선릉로4길 30,강남구 개포2동 139,127.0638071,37.4829222,개포도서관,강남구,도서관
479,동남로 263,송파구 오금동 51,127.1348184,37.49996,송파도서관,송파구,도서관
480,양재대로116길 57,강동구 길동 362,127.1437403,37.538505,강동도서관,강동구,도서관
481,고덕로 295,강동구 고덕동 296,127.1579923,37.5560983,고덕평생학습관,강동구,도서관
482,다산로 32,중구 약수동 844-1,127.0092638,37.54900905,남산타운문화체육센터 어린이도서관,중구,도서관
483,동호로14길 18,중구 신당동 425-23,127.010821,37.55637771,중구구립도서관,중구,도서관
484,다산로38길 66-35,중구 동화동 52-164,127.0189411,37.56170271,중구구립신당도서관,중구,도서관
485,청파로93길 27,용산구 서계동 227-1,126.9675604,37.55393512,청파도서관,용산구,도서관
486,뚝섬로1길 43,성동구 성수동1가 656-323,127.0470008,37.5453816,성동구립성수도서관,성동구,도서관
487,난계로20,성동구 금호동1가 688,127.0248886,37.5539973,성동구립금호도서관,성동구,도서관
488,고산자로10길 9,성동구 행당동 142-4,127.0350036,37.5592293,성동구립도서관,성동구,도서관
489,고산자로 270,성동구 행당동 7,127.03673,37.56321062,성동구립무지개도서관,성동구,도서관
490,용답중앙3길 10,성동구 용답동 95-13,127.0512973,37.5666384,성동구립용답도서관,성동구,도서관
491,강변역로 17,광진구 구의동 587-28,127.0921017,37.5379251,광진구의3동작은도서관(광진구립도서관),광진구,도서관
492,아차산로78길 90,광진구 광장동 113,127.1103214,37.5506714,광진정보도서관,광진구,도서관
493,뚝섬로26길 58,광진구 자양4동 63-1,127.0662423,37.53411179,자양4동도서관,광진구,도서관
494,능동로 433,광진구 중곡동 168-8,127.0845706,37.5677922,중곡문화체육센터도서관,광진구,도서관
495,회기로10길 60,동대문구 청량리동 206-19,127.0473138,37.5900041,동대문구정보화도서관,동대문구,도서관
496,무학로 133,동대문구 용두동 234-40,127.0303115,37.57609714,용두어린이영어도서관,동대문구,도서관
497,장한로26다길 10,동대문구 장안동 342-23,127.073245,37.57121503,장안어린이도서관,동대문구,도서관
498,면목로 397,중랑구 면목동 115-18,127.0876668,37.5874371,중랑구립면목정보도서관,중랑구,도서관
499,신내로15길 197,중랑구 묵동 22,127.0869184,37.61521403,중랑구립정보도서관,중랑구,도서관
500,망우로73길 46-1,중랑구 망우동 583-1,127.1038636,37.60265534,중랑숲어린이도서관,중랑구,도서관
501,종암로 167,성북구 하월곡동 230,127.0309776,37.60504501,달빛마루도서관,성북구,도서관
502,한천로 66길 203,성북구 석관동 134-2,127.0654723,37.61346533,석관동미리내도서관,성북구,도서관
503,화랑로18자길 13,성북구 상월곡동 24-348,127.0507256,37.60499534,성북정보도서관,성북구,도서관
504,아리랑로 82,성북구 돈암동 538-98,127.0138886,37.59991311,아리랑정보도서관,성북구,도서관
505,종암로18길 11,성북구 종암동 16-8,127.0350921,37.59899069,종암동새날어린이도서관,성북구,도서관
506,성북로4길 52,성북구 돈암동 609-1,127.0103033,37.59480118,해오름어린이도서관,성북구,도서관
507,오현로 145,강북구 번2동 산 27-108,127.036,37.625,강북문화정보도서관,강북구,도서관
508,삼양로54길 68,강북구 미아동 754-1,127.022,37.623,강북청소년문화정보도서관,강북구,도서관
509,솔샘로177,강북구 삼양동 1354-4,127.012,37.62,솔샘문화정보도서관,강북구,도서관
510,도봉로20나길 6,강북구 미아동 138-11,127.03,37.618,송중문화정보도서관,강북구,도서관
511,삼양로 299,강북구 수유동 605-412,127.018,37.63,수유문화정보도서관,강북구,도서관
512,솔매로49길 14,강북구 미아동 197-1,127.027,37.627,미아동복합청사도서관,강북구,도서관
513,도봉로175길 10,도봉구 도봉1동 577,127.0428585,37.68299708,도봉1동어린이도서관,도봉구,도서관
514,덕릉로 315,도봉구 창1동 418,127.0439614,37.64461358,도봉문화정보센터,도봉구,도서관
515,노해로69길 151,도봉구 창동 808-1,127.0494912,37.65905136,도봉어린이문화정보센터,도봉구,도서관
516,시루봉로 128,도봉구 방학동 446-5,127.0278133,37.66215761,학마을다사랑센터,도봉구,도서관
517,한글비석로 346,노원구 중계4동 356,127.0766494,37.6581805,노원어린이도서관,노원구,도서관
518,노원로34길 43,노원구 상계10동 686,127.0650687,37.6610244,노원정보도서관,노원구,도서관
519,동일로241길 84,노원구 상계동 1297,127.0518447,37.6782985,상계문화정보도서관,노원구,도서관
520,월계로 319,노원구 월계2동 598,127.0560812,37.628634,월계문화정보도서관,노원구,도서관
521,노원로1나길 10,노원구 공릉2동 87-5,127.0830307,37.62151514,화랑도서관(공릉청소년문화정보센터),노원구,도서관
522,진관4로 48-25,은평구 진관동 15-19,126.9289705,37.64425972,상림마을작은도서관,은평구,도서관
523,통일로78가길 13-84,은평구 불광동 산 59-32,126.9284308,37.6189648,은평구립도서관,은평구,도서관
524,가좌로7길 15,은평구 응암동 730-3,126.9196846,37.5859394,응암정보도서관,은평구,도서관
525,증산로5길 6,은평구 증산동 173-8,126.9076297,37.58280013,증산정보도서관,은평구,도서관
526,독립문공원길 80,서대문구 현저동 101,126.955466,37.5729845,서대문구립이진아기념도서관,서대문구,도서관
527,증가로10길 16-15,서대문구 남가좌2동 342-34,126.9240193,37.57832573,서대문남가좌새롬어린이도서관,서대문구,도서관
528,홍은중앙로 129,서대문구 홍은1동 11-7,126.9490393,37.6017364,홍은도담도서관,서대문구,도서관
529,독막로 165,마포구 창전동 145-15,126.9320742,37.54773014,마포구립서강도서관,마포구,도서관
530,중앙로52길 56,양천구 신정4동 915-2,126.8565876,37.52597258,개울작은도서관,양천구,도서관
531,목동서로 11,양천구 목5동 909-3,126.8844242,37.5379742,목마작은도서관,양천구,도서관
532,화곡로4길 10,양천구 신월5동 52-2,126.8271795,37.53855485,신월5동도서관,양천구,도서관
533,오목로5길 34,양천구 신월4동 425-2,126.8400761,37.52469927,신월디지털정보도서관,양천구,도서관
534,금낭화로24길 5,강서구 방화동 828,126.8136493,37.57871641,강서길꽃어린이도서관,강서구,도서관
535,공항대로 615,강서구 염창동 281-25,126.8733225,37.54735628,강서꿈꾸는어린이도서관,강서구,도서관
536,곰달래로57가길 26,강서구 화곡4동 809-3,126.8607757,37.53455841,강서영어도서관,강서구,도서관
537,강서로45다길 71,강서구 화곡3동 1019,126.8351631,37.54466834,강서푸른들청소년도서관,강서구,도서관
538,강서로62길 48,강서구 등촌동 690-1,126.8423662,37.56242258,강서등빛도서관,강서구,도서관
539,우현로 34,강서구 화곡동 1159-4,126.8418338,37.5482634,우장산숲속도서관(강서구 통합도서관),강서구,도서관
540,도봉로 34,강북구 미아동 35-4,127.0306984,37.6120512,CGV 미아,강북구,영화관
541,강서로5길 50,강서구 화곡8동 890,126.8488936,37.52904115,곰달래도서관,강서구,도서관
542,개봉로16길 30-11,구로구 개봉3동 266,126.8584304,37.48942653,개봉도서관,구로구,도서관
543,경인로 318-15,구로구 개봉동 166-9,126.8557286,37.4967241,개봉어린이도서관,구로구,도서관
544,구로동로26길 54,구로구 구로동 741-27,126.8863999,37.4895297,구로꿈나무도서관,구로구,도서관
545,구로중앙로27나길 9,구로구 구로동 443,126.8859384,37.49689139,구로초구로구립주민전용도서관,구로구,도서관
546,고척로27바길 7,구로구 개봉동 105-24,126.8456427,37.5068945,글마루한옥어린이도서관,구로구,도서관
547,디지털로27다길 65,구로구 구로동 777-1,126.890107,37.487156,꿈마을도서관,구로구,도서관
548,구로동로13길 68,구로구 구로동 390-42,126.8810551,37.487481,하늘도서관,구로구,도서관
549,시흥대로73길 70,금천구 시흥1동 1020,126.8957184,37.4565321,금나래아트홀도서관,금천구,도서관
550,가산로5길 43,금천구 가산동 235-3,126.8921129,37.47349224,금천구립가산정보도서관,금천구,도서관
551,독산로54길 114,금천구 독산4동 375-2,126.9080599,37.46749522,금천구립독산정보도서관,금천구,도서관
552,금하로 764,금천구 시흥동 267-9,126.9144858,37.44961046,금천구립시흥정보도서관,금천구,도서관
553,도신로 27,영등포구 대림3동 608-2,126.8960785,37.50429863,대림정보문화도서관,영등포구,도서관
554,문래로20길 49,영등포구 문래동3가 98,126.8908944,37.5169252,문래정보문화도서관,영등포구,도서관
555,선유로43가길 10-8,영등포구 양평동3가 88-1,126.8929168,37.53331722,선유정보문화도서관,영등포구,도서관
556,매봉로 37,동작구 상도1동 514,126.9509754,37.50682211,동작상도국주도서관,동작구,도서관
557,사당로2자길 6,동작구 노량진동 225-161,126.9434407,37.5091805,동작어린이도서관,동작구,도서관
558,솔밭로 86,동작구 사당동 708-1188,126.9673158,37.48410843,사당솔밭도서관,동작구,도서관
559,신림로3길 35,관악구 대학동 209-1,126.9447869,37.46750879,관악문화관?도서관,관악구,도서관
560,관악로30길 23,관악구 봉천동 1717-4,126.9596821,37.4862217,글빛정보도서관,관악구,도서관
561,관악로37길 56,관악구 봉천동 1703-1,126.9561598,37.48789481,성현동작은도서관,관악구,도서관
562,봉천로33나길 30,관악구 봉천동 905-29,126.942407,37.48530602,은천동작은도서관,관악구,도서관
563,조원로12길 25,관악구 조원동 568-27,126.9077796,37.48256167,관악도서관(조원도서관),관악구,도서관
564,고무래로 34,서초구 반포동 32-13,127.0124122,37.50247762,서초구립반포도서관,서초구,도서관
565,효령로77길 37,서초구 서초동 1336-1,127.0276363,37.49183274,구립서초어린이도서관,서초구,도서관
566,테헤란로8길 36,강남구 역삼동 827-61,127.0318283,37.4964881,강남역삼푸른솔도서관,강남구,도서관
567,학동로43길 17,강남구 논현동 114-24,127.0372198,37.51728771,논현도서관,강남구,도서관
568,학동로 343,강남구 논현동 119,127.041,37.517,논현정보도서관(논현문화정보마당),강남구,도서관
569,삼성로 212,강남구 대치동 316,127.0636814,37.4953858,대치도서관,강남구,도서관
570,도곡로18길 57,강남구 도곡동 892-30,127.0389193,37.4881755,도곡정보문화도서관,강남구,도서관
571,역삼로7길 16,강남구 역삼1동 829-20,127.0332331,37.49535189,역삼도서관,강남구,도서관
572,영동대로65길 24,강남구 청담동 35-10,127.0464234,37.51910733,강남구립 정다운도서관,강남구,도서관
573,도곡로77길 23,강남구 대치4동 928-22,127.0578378,37.49974094,즐거운도서관,강남구,도서관
574,압구정로79길 26,강남구 청담동 124-1,127.0492288,37.52505672,청담도서관,강남구,도서관
575,영동대로65길 24,강남구 대치동 980-9,127.064156,37.50225501,강남구립 행복한도서관,강남구,도서관
576,석촌호수로 155,송파구 잠실3동 44-4,127.0941608,37.50726447,소나무언덕2호작은도서관,송파구,도서관
577,성내천로 319,송파구 마천동 325-5,127.1566249,37.4923348,소나무언덕3호작은도서관,송파구,도서관
578,탄천동로 211,송파구 잠실동 306,127.076916,37.5030432,소나무언덕잠실본동작은도서관,송파구,도서관
579,거마로2길 19,송파구 거여동 195-1,127.1468166,37.49354981,거마도서관,송파구,도서관
580,올림픽로 105,송파구 잠실동 19-6,127.0824057,37.51210652,송파어린이도서관,송파구,도서관
581,오금로 1,송파구 신천동 14,127.1019406,37.5225364,송파어린이영어작은도서관,송파구,도서관
582,충민로 120,송파구 장지동 846,127.1304702,37.4807726,송파글마루도서관,송파구,도서관
583,아리수로93길 9-14,강동구 강일동 678,127.1738886,37.56503659,강동구립강일도서관,강동구,도서관
584,성안로 106-1,강동구 성내동 385,127.1333347,37.53285914,강동구립성내도서관,강동구,도서관
585,고덕로20길 42,강동구 암사동 471-37,127.1333297,37.55284079,강동구립암사도서관,강동구,도서관
586,충민로 66,송파구 문정동 634,127.1256273,37.4770816,CGV 송파,송파구,영화관
587,올림픽로 702,강동구 천호동 360,127.1255706,37.5439353,강동구립해공도서관,강동구,도서관
588,새문안로 17,종로구 평동 166,126.9676777,37.56748906,4.19혁명기념도서관,종로구,도서관
589,자하문로 131-1,중구 묵정동,127.002137,37.56069612,한국학생공공도서관,중구,도서관
590,경인로19길 29-6,구로구 오류동 13-15,126.8420419,37.497167,오류도서관,구로구,도서관
591,상암로51길 8,강동구 명일동 341-2,127.1462563,37.54690385,명성교회도서관,강동구,도서관
592,자하문로 131-1,종로구 청운동 40-3,126.9690982,37.58742348,한국학생점자도서관,종로구,도서관
593,퇴계로12길 17,중구 청운동,126.9817751,37.55883446,종달새전화도서관(한국시각장애인선교회연합회),중구,도서관
594,동소문로25가길 20,성북구 청운동,127.0192164,37.59539009,성북점자도서관(성북시각장애인 복지관),성북구,도서관
595,동일로 1335,노원구 상계동 763-4,127.0622228,37.64799055,서울점자도서관,노원구,도서관
596,북아현로 26-10,서대문구 북아현동 129-15,126.9569427,37.55979243,영광시각장애인모바일도서관,서대문구,도서관
597,공항대로8길 77-24,강서구 공항동 301-13,126.8129592,37.55738722,강서점자도서관,강서구,도서관
598,남부순환로1717,관악구 봉천본동 931-7,126.8129592,37.55738722,실로암점자도서관[이동도서관],관악구,도서관
599,개포로 613,강남구 개포동 12-5,127.0750242,37.49249621,하상디지털음성도서관(하상시각장애인도서관),강남구,도서관
600,마천로61길 26,송파구 마천동 211-90,127.1551857,37.493863,인성시각장애인도서관,송파구,도서관
601,구천면로 645,강동구 상일동 126,127.1693423,37.55102,한국시각장애인복지관점자도서관[이동도서관],강동구,도서관
602,상암로4가길 32,강동구 암사2동 510-23,127.1248258,37.55074187,한국점자도서관[이동도서관],강동구,도서관
603,도산대로 118,강남구 논현동 3-1,127.0217342,37.5166352,롯데시네마 브로드웨이,강남구,영화관
604,봉은사로 524,강남구 삼성동 159,127.0588044,37.51251584,메가박스 코엑스,강남구,영화관
605,압구정로30길 45,강남구 신사동 602,127.0294335,37.5243817,CGV 압구정,강남구,영화관
606,도산대로 323,강남구 신사동 651-21,127.0370319,37.52289277,CGV 청담씨네시티,강남구,영화관
607,강남대로 438,강남구 역삼동 814-6,127.026219,37.5017241,CGV 강남,강남구,영화관
608,강남대로 422,강남구 역삼동 816,127.0270333,37.5003284,롯데시네마 씨티(강남),강남구,영화관
609,천호옛길 85,강동구 성내동 44-1,127.1253208,37.53661502,롯데시네마 강동,강동구,영화관
610,성내로 48,강동구 성내동 549-1,127.1253483,37.5284178,CGV 강동,강동구,영화관
611,도봉로 399,강북구 수유동 168-12,127.0298328,37.64238764,메가박스 수유,강북구,영화관
612,하늘길 77,강서구 방화동 886,126.8037517,37.5637209,롯데시네마 김포공항,강서구,영화관
613,남부순환로 1820,관악구 봉천동 862-18,126.9519001,37.4810842,롯데시네마 서울대입구,관악구,영화관
614,신림로 330,관악구 신림동 1641-1,126.9303467,37.4839297,롯데시네마 신림,관악구,영화관
615,광나루로56길 85,광진구 구의동 546-4,127.0957327,37.5352245,CGV 강변,광진구,영화관
616,능동로 289,광진구 군자동 477-12,127.0783214,37.55578688,CGV 군자,광진구,영화관
617,아차산로 272,광진구 자양동 227-7,127.072339,37.5388196,롯데시네마 건대입구,광진구,영화관
618,능동로 120,광진구 화양동 1,127.0730864,37.5427369,KU 시네마테크,광진구,영화관
619,새말로 97,구로구 구로동 3-25,126.8902297,37.506833,CGV 신도림,구로구,영화관
620,구로중앙로 152,구로구 구로동 573,126.8831342,37.5008093,CGV 구로,구로구,영화관
621,동일로 1414,노원구 상계동 713,127.0613445,37.6548139,롯데시네마 노원,노원구,영화관
622,답십리로 288,동대문구 장안동 368-1,127.0723737,37.5719216,롯데시네마 장안,동대문구,영화관
623,왕산로 214,동대문구 전농동 591-53,127.0475366,37.5808815,롯데시네마 청량리,동대문구,영화관
624,동작대로 89,동작구 사당동 147-98,126.9816733,37.4846077,메가박스 이수,동작구,영화관
625,양화로 176,마포구 동교동 166-20,126.9250474,37.5572515,롯데시네마 홍대입구,마포구,영화관
626,월드컵북로 396,마포구 상암동 1605,126.8911211,37.5795069,롯데시네마 누리꿈(상암),마포구,영화관
627,어울마당로 65,마포구 서교동 367-5,126.9210714,37.5509182,KT&G 상상마당시네마,마포구,영화관
628,월드컵로 240,마포구 성산동 515-25,126.8981017,37.5691339,CGV 상암,마포구,영화관
629,양화로 45,마포구 합정동 417-34,126.9134225,37.550391,롯데시네마 합정,마포구,영화관
630,성산로 527,서대문구 대신동 85-1,126.9440147,37.5637104,필름포럼,서대문구,영화관
631,이화여대길 52,서대문구 대현동 11-10,126.9467213,37.5605954,아트하우스모모,서대문구,영화관
632,신촌역로 30,서대문구 신촌동 74-25,126.9420982,37.5595461,메가박스 신촌,서대문구,영화관
633,신촌로 129,서대문구 창천동 20-25,126.9403091,37.5565362,CGV 신촌아트레온,서대문구,영화관
634,신반포로 162,서초구 반포동 19-3,127.0027863,37.5049475,메가박스 센트럴,서초구,영화관
635,서초대로77길 3,서초구 서초동 1317-18,127.0264021,37.4981626,메가박스 강남,서초구,영화관
636,왕십리광장로 17,성동구 행당동 168-1,127.0383012,37.5615182,CGV 왕십리,성동구,영화관
637,아리랑로 82,성북구 돈암동 538-184,127.0138323,37.6002752,아리랑시네센터,성북구,영화관
638,동소문로 106,성북구 동선동1가 1-2,127.0172072,37.5925393,CGV 성신여대입구,성북구,영화관
639,안암로 145,성북구 안암동5가 1-2,127.0312077,37.586791,KU 시네마트랩,성북구,영화관
640,올림픽로 240,송파구 잠실동 40-1,127.0971104,37.5105636,롯데시네마 롯데월드,송파구,영화관
641,목동동로 257,양천구 목동 916,126.8749696,37.5265514,CGV 목동,양천구,영화관
642,목동동로 309,양천구 목동 917-6,126.8760432,37.5287771,메가박스 목동,양천구,영화관
643,국제금융로 10,영등포구 여의도동 23,126.9255334,37.5256364,CGV 여의도,영등포구,영화관
644,영중로 15,영등포구 영등포동4가 442,126.902835,37.5173395,CGV 영등포,영등포구,영화관
645,경인로102길 13,영등포구 영등포동 618-496,126.9075451,37.5162861,롯데시네마 영등포,영등포구,영화관
646,한강대로23길 55,용산구 한강로3가 40-999,126.9647182,37.52978175,CGV 용산,용산구,영화관
647,청파로 74,용산구 한강로3가 16-9,126.959834,37.5329685,롯데시네마 용산,용산구,영화관
648,새문안로 22,중구 충정로1가 67-10,126.9686643,37.5669741,청춘극장,중구,영화관
649,통일로 830,은평구 불광동 304-2,126.9228192,37.6178351,메가박스 은평,은평구,영화관
650,불광로 20,은평구 대조동 240,126.9287852,37.6096692,CGV 불광,은평구,영화관
651,율곡로3길 87,종로구 소격동 144-2,126.9818254,37.57941676,씨네코드 선재,종로구,영화관
652,돈화문로 13,종로구 관수동 71,126.991802,37.5697367,서울극장,종로구,영화관
653,삼일대로 428,종로구 낙원동 284-6,126.9878282,37.5725858,허리우드 클래식,종로구,영화관
654,삼일대로 428,종로구 낙원동 288,126.9876309,37.57221109,한국시네마테크협의회(서울아트시네마),종로구,영화관
655,돈화문로5가길 1,종로구 돈의동 137,126.9912874,37.5709811,롯데시네마 피카디리,종로구,영화관
656,대명길 28,종로구 명륜2가 41-9,126.9998314,37.58345716,CGV 대학로,종로구,영화관
657,새문안로 68,종로구 신문로1가 226,126.9719909,37.5697354,씨네큐브광화문,종로구,영화관
658,경희궁1길 1,종로구 신문로2가 1-410,126.9715531,37.5707971,인디스페이스,종로구,영화관
659,명동길 14,중구 명동2가 83-5,126.982638,37.5632956,CGV 명동,중구,영화관
660,남대문로 73,중구 남대문로2가 130,126.981873,37.5642089,롯데시네마 에비뉴엘(명동),중구,영화관
661,소파로 126,중구 예장동 8-145,126.9879304,37.5584802,서울애니시네마,중구,영화관
662,장충단로 247,중구 을지로6가 18-20,127.0072003,37.5666473,메가박스 동대문,중구,영화관
663,퇴계로 212,중구 필동2가 19-1,126.9953338,37.56106648,대한극장,중구,영화관
664,퇴계로 123,중구 충무로2가 65-9,126.9853374,37.56132079,CGV 명동역,중구,영화관
665,세종대로21길 40,중구 태평로1가 61-21,126.975889,37.568216,스폰지하우스 (광화문),중구,영화관
666,청계천로 400,중구 황학동 2545,127.021418,37.57097213,롯데시네마 황학,중구,영화관
667,망우로30길 3,중랑구 상봉동 130-3,127.0746627,37.59322817,메가박스 상봉,중랑구,영화관
668,인왕산로1길 21,종로구 사직동 284-1,126.9646504,37.57426934,문화체육센터 (광화문아트홀),종로구,문화예술회관
669,퇴계로 387 충무아트홀,중구 흥인동 131,127.0148437,37.56592307,충무아트홀,중구,문화예술회관
670,서울특별시 영등포구 경인로77가길 7-1 (문래동2가),서울특별시 영등포구 문래동2가 30-2번지,126.8926014,37.51196693,몬스덕,영등포구,공연장
671,녹사평대로 150,용산구 이태원동 34-87,126.9896169,37.5328288,문화예술회관 (용산아트홀),용산구,문화예술회관
672,능동로 76,광진구 자양동 227-344,127.0706028,37.5376082,문화예술회관 (나루아트센터),광진구,문화예술회관
673,뚝섬로1길 43,성동구 성수동1가 656-323,127.0469559,37.54541178,문화예술회관 (성수문화복지관),성동구,문화예술회관
674,삼각산로 85,강북구 수유동 360-10,127.0133223,37.6408126,강북문화예술회관(구 삼각산 문화예술회관),강북구,문화예술회관
675,중계로 181,노원구 중계본동 364-3,127.0802136,37.6503669,노원 문화예술회관,노원구,문화예술회관
676,녹번로 16,은평구 녹번동 85-4,126.9279706,37.6035992,은평 문화예술회관,은평구,문화예술회관
677,백련사길 39,서대문구 홍은동 산 26-155,126.9315078,37.58081499,서대문 문화회관,서대문구,문화예술회관
678,대흥로20길 28,마포구 대흥동 30-3,126.9455438,37.54997544,마포아트센터,마포구,문화예술회관
679,가마산로25길 9-24,구로구 구로동 101,126.8889471,37.49655651,구로 아트밸리 예술극장,구로구,문화예술회관
680,국회대로 596,영등포구 당산동3가 3,126.9001253,37.52618097,영등포아트홀,영등포구,문화예술회관
681,시흥대로73길 70,금천구 시흥동 1020,126.8960458,37.4565969,금천 금나래아트홀,금천구,문화예술회관
682,신림로3길 35,관악구 대학동 209-1,126.9447586,37.4679469,관악 문화관,관악구,문화예술회관
683,상일동447,강동구 상일동 상일동-477,127.1575034,37.55111916,강동아트센터(구 강동 문화예술회관),강동구,문화예술회관
684,왕십리로 281,성동구 행당동 142-16,127.0361049,37.55935938,구민회관(성동-소월아트홀),성동구,구민회관
685,난계로 255,종로구 숭인동 1385,127.02283,37.57433283,문화원(서울시지회),종로구,문화원
686,율곡로 5,종로구 사간동 122-4,126.98,37.576,문화원(종로),종로구,문화원
687,청계천로 86,중구 장교동 1,126.9865608,37.56737143,문화원(중구),중구,문화원
688,효창원로8길 28,용산구 원효로4가 87-4,126.9521502,37.53343453,문화원(용산),용산구,문화원
689,왕십리로 281,성동구 행당동 142-16,127.0349698,37.5591913,문화원(성동),성동구,문화원
690,광나루로56길 67,광진구 구의동 631-2,127.0964568,37.53652015,문화원(광진),광진구,문화원
691,답십리로 210-9,동대문구 답십리동 산 2-121,127.0637025,37.57174117,문화원(동대문),동대문구,문화원
692,용마산로 215,중랑구 면목4동 378-5,127.0851526,37.5741172,문화원(중랑),중랑구,문화원
693,성북로4길 13-8,성북구 동소문동1가 1,127.0058931,37.5896757,문화원(성북),성북구,문화원
694,삼각산로 85,강북구 수유동 360-13,127.0140066,37.6410408,문화원(강북),강북구,문화원
695,도봉로 552,도봉구 창5동 303,127.0386088,37.65409869,문화원(도봉),도봉구,문화원
696,동일로197길 24,노원구 공릉동 710,127.0698044,37.6288009,문화원(노원),노원구,문화원
697,녹번로 16,은평구 녹번동 85-4,126.9283547,37.60391345,문화원(은평),은평구,문화원
698,백련사길 39,서대문구 홍은2동 산 26-155,126.9315078,37.58081499,문화원(서대문),서대문구,문화원
699,백범로 227,마포구 신공덕동 158,126.9553912,37.54223601,문화원(마포),마포구,문화원
700,목동서로 367,양천구 신정6동 322,126.8632464,37.51654706,문화원(양천),양천구,문화원
701,화곡로 215,강서구 화곡동 111-90,126.8437563,37.5446568,문화원(강서),강서구,문화원
702,경인로 393-7,구로구 고척동 73-3,126.863262,37.4974996,문화원(구로),구로구,문화원
703,시흥대로38길 61,금천구 시흥3동 937-2,126.90417,37.44662665,문화원(금천),금천구,문화원
704,신길로 275,영등포구 영등포동 582-3,126.9108346,37.51523631,문화원(영등포),영등포구,문화원
705,장승배기로10길 42,동작구 상도2동 176-3,126.9410974,37.50441272,문화원(동작),동작구,문화원
706,신림로3길 35,관악구 대학동 209-1,126.9447065,37.4678115,문화원(관악),관악구,문화원
707,강남대로 201,서초구 양재동 25,127.0358098,37.48168417,문화원(서초),서초구,문화원
708,테헤란로8길 36,강남구 역삼동 827-61,127.0318283,37.4964881,문화원(강남),강남구,문화원
709,올림픽로 44,송파구 잠실동 84,127.0760615,37.5097012,문화원(송파),송파구,문화원
710,상암로 168,강동구 천호1동 41,127.1414082,37.5456637,문화원(강동),강동구,문화원
711,퇴계로34길 28,중구 필동2가 84-1,126.9939971,37.55836448,남산골 한옥마을,중구,문화재시설
712,삼일대로 464 운현궁,종로구 운니동 114-10,126.9871097,37.57611654,운현궁,종로구,문화재시설
713,올림픽로 424,송파구 방이동 88-3,127.1214124,37.52120744,시사편찬위원회,송파구,문화재시설
714,종로 54,종로구 관철동 45-5,126.9835329,37.5697937,보신각,종로구,문화재시설
715,올림픽로 25,송파구 잠실동 10,127.0747857,37.5161756,서울시 창작공간 잠실창작 스튜디오,송파구,창작공간
716,퇴계로26가길 82,중구 예장동 산 5-85,126.991735,37.5576025,남산창작센터,중구,창작공간
717,소파로 138,중구 예장동 8-19,126.9882477,37.558779,남산예술센터,중구,창작공간
718,잔다리로6길 33,마포구 서교동 369-8,126.9209776,37.5525131,서교예술 실험센터,마포구,창작공간
719,범안로15길 57,금천구 독산동 333-7,126.8919441,37.4688362,금천예술공장,금천구,창작공간
720,마장로 87,중구 황학동 119,127.0195952,37.5673158,신당창작 아케이드,중구,창작공간
721,증가로2길 6-7,서대문구 연희동 203,126.930818,37.571856,연희문학 창작촌(서울문화재단),서대문구,창작공간
722,경인로88길 5-4,영등포구 문래동1가 30,126.9001218,37.51322153,문래예술공장,영등포구,창작공간
723,회기로3길 17,성북구 종암동 28-358,127.0370472,37.59222322,성북예술 창작센터,성북구,창작공간
724,은천로10길 3,관악구 봉천동 936-4,126.9407783,37.48587181,관악어린이 창작놀이터,관악구,창작공간
725,명지2길 14,서대문구 홍은동 304-1,126.9279301,37.5829944,홍은예술 창작센터,서대문구,창작공간
727,대명길 3,종로구 명륜4가 1,127.0013093,37.58339628,서울  연극센터,종로구,창작공간
728,청계천로 383,종로구 숭인동 234-2,127.0200346,37.57196595,동대문 패션지원센터,종로구,문화산업
729,성수이로 144,성동구 성수동2가 277-9,127.0583145,37.54772027,성동토탈패션지원센터,성동구,문화산업
730,용마산로115길 108,중랑구 망우동 563-16,127.0941078,37.59808061,중랑패션 지원센터,중랑구,문화산업
731,마장로 22,중구 신당동 251-7,127.0121413,37.5674232,동대문 수출지원 센터,중구,문화산업
732,마장로 22,중구 신당동 251-7,127.0114098,37.5670794,서울패션 창작 스튜디오,중구,문화산업
733,소파로 126 서울애니매이션센타,중구 예장동 8-145,126.9878894,37.55840514,서울  애니메이션 센터,중구,문화산업
734,성암로 330,마포구 상암동 1580,126.8857579,37.584824,서울게임 콘텐츠 센터,마포구,문화산업
735,성암로 330,마포구 상암동 1580,126.8859117,37.5847076,영화 창작공간,마포구,문화산업
736,퇴계로 216,중구 충무로4가 125,126.9955455,37.56154369,충무로영상센터,중구,문화산업
737,율곡로 283,종로구 종로6가 70,127.0085661,37.5729895,서울 디자인 지원센터,종로구,문화산업
738,성암로 330,마포구 상암동 1580,126.8859207,37.58477326,DMC 창업센터 ,마포구,문화산업
750,서울특별시 은평구 녹번로 16 (녹번동은평문화예술회관),서울특별시 은평구 녹번동 85-4번지 은평문화예술회관 은평문화예술회관,126.9276846,37.60353877,은평문화예술회관 숲속극장,은평구,공연장
751,서울특별시 중랑구 면목로 238 (면목동중랑구민회관),서울특별시 중랑구 면목동 378-4번지 중랑구민회관,127.0849612,37.57401636,중랑구민회관,중랑구,공연장
752,서울특별시 동작구 노량진로 100 (노량진동기독교TV멀티미디어센터),서울특별시 동작구 노량진동 27-2번지 기독교TV멀티미디어센터,126.9370248,37.5131337,CTS 아트홀,동작구,공연장
753,서울특별시 종로구 대학로12길 21 (동숭동),서울특별시 종로구 동숭동 1-52번지,127.0031626,37.58269546,DCF대명문화공장 1관 비발디파크홀,종로구,공연장
754,서울특별시 종로구 대학로12길 21 (동숭동),서울특별시 종로구 동숭동 1-52번지,127.0031626,37.58269546,DCF대명문화공장 2관 라이프웨이홀,종로구,공연장
755,서울특별시 종로구 창경궁로35길 29 (혜화동JEIARTCENTER),서울특별시 종로구 혜화동 53-21번지 JEIARTCENTER,127.0020157,37.58718637,안도타타오 (JEI ART CENTER 음악홀),종로구,공연장
756,서울특별시 종로구 대학로8가길 64 (동숭동보생빌딩),서울특별시 종로구 동숭동 1-50번지 보생빌딩,127.0031159,37.58302891,JH아트홀 (구.아시조극장),종로구,공연장
757,서울특별시 종로구 대학로8가길 52 (동숭동),서울특별시 종로구 동숭동 1-48번지,127.0026108,37.58302083,JK아트홀 (구 샘아트홀),종로구,공연장
758,서울특별시 영등포구 여의공원로 13 (여의도동한국방송공사),서울특별시 영등포구 여의도동 18번지 한국방송공사,126.9170367,37.5243386,KBS아트홀,영등포구,공연장
759,서울특별시 양천구 목동서로 201 (목동),서울특별시 양천구 목동 924번지,126.8709158,37.52921888,KT 체임버홀,양천구,공연장
760,서울특별시 서대문구 연세로5가길 18 (창천동),서울특별시 서대문구 창천동 57-53번지,126.9357069,37.55737227,M Stage 1관,마포구,공연장
762,서울특별시 강남구 봉은사로29길 35 (논현동한양수자인어반게이트),서울특별시 강남구 논현동 221-7번지 한양수자인어반게이트,127.0335551,37.50969005,PID HALL,강남구,공연장
763,서울특별시 종로구 동숭길 25 (동숭동),서울특별시 종로구 동숭동 1-131번지,127.0037226,37.57988029,SH 아트홀,종로구,공연장
764,서울특별시 종로구 대학로 89 (연건동대학로SJA빌딩),서울특별시 종로구 연건동 39번지 대학로SJA빌딩,127.0019154,37.57921295,SJA 홀,종로구,공연장
765,서울특별시 영등포구 국회대로 539 (당산동4가TCCCENTER),서울특별시 영등포구 당산동4가 93-5번지 TCCCENTER TCC,126.8948075,37.52924126,TCC아트홀 (틴아트홀),영등포구,공연장
766,서울특별시 종로구 대학로10길 15-11 (동숭동),서울특별시 종로구 동숭동 1-63번지,127.0028482,37.58228596,가든씨어터,종로구 ,공연장
769,서울특별시 서초구 강남대로 439 (서초동유화빌딩),서울특별시 서초구 서초동 1305-2번지 유화빌딩,127.0254717,37.50158657,강남 연극 순위 아트홀 (구 네오아트홀),서초구,공연장
771,서울특별시 강동구 상암로 168 (천호동강동구민회관),서울특별시 강동구 천호동 41번지 강동구민회관,127.1411733,37.54585705,강동구민회관 대강당,강동구,공연장
773,서울특별시 동대문구 경희대로 26 (회기동경희대학교경희초중고여자중고등학교),서울특별시 동대문구 회기동 1-5번지 경희대학교경희초중고여자중고등학교,127.0527144,37.59388229,경희대학교 평화의전당,동대문구,공연장
774,서울특별시 성북구 안암로 145 (안암동5가고려대학교안암캠퍼스),서울특별시 성북구 안암동5가 1-2번지 고려대학교안암캠퍼스,127.0340245,37.58819471,고려대학교 인촌기념관,성북구,공연장
775,서울특별시 종로구 대명길 39-9 (명륜4가),서울특별시 종로구 명륜4가 62번지,126.9997444,37.58255874,공간 마루채,종로구,공연장
776,서울특별시 종로구 대학로 120 (동숭동),서울특별시 종로구 동숭동 1-27번지,127.0022452,37.58184499,공간아울,종로구 ,공연장
777,서울특별시 관악구 관악로5길 95 (봉천동관악구민회관),서울특별시 관악구 봉천동 1589-13번지 관악구민회관,126.9514821,37.47709817,관악구민회관 대강당,관악구,공연장
778,서울특별시 강남구 논현로163길 33 (신사동교회),서울특별시 강남구 신사동 568-2번지 교회,127.0254055,37.52403819,광림아트센터 BBCH홀,강남구,공연장
779,서울특별시 강남구 논현로163길 33 (신사동교회),서울특별시 강남구 신사동 568-2번지 교회,127.0254055,37.52403819,광림아트센터 장천홀,강남구,공연장
781,서울특별시 노원구 동일로204가길 46 (중계동2001아울렛),서울특별시 노원구 중계동 509번지 2001아울렛,127.0677391,37.64124468,괜찮은홀 중계(노원),노원구,공연장
782,서울특별시 서초구 남부순환로 2364 (서초동국립국악원),서울특별시 서초구 서초동 700번지 국립국악원,127.0090357,37.47835444,국립국악원 연희마당,서초구,공연장
783,서울특별시 용산구 청파로 373 (서계동),서울특별시 용산구 서계동 1번지,126.9687895,37.5529381,국립극단 백성희장민호 극장,용산구,공연장
784,서울특별시 용산구 청파로 373 (서계동),서울특별시 용산구 서계동 1번지,126.9687895,37.5529381,국립극단 소극장 판,용산구,공연장
785,서울특별시 성북구 정릉로 77 (정릉동국민대학교),서울특별시 성북구 정릉동 861-1번지 국민대학교,126.9945731,37.61103549,국민대학교 대극장,성북구,공연장
786,서울특별시 동작구 상도로30길 8 (상도동),서울특별시 동작구 상도동 170-26번지,126.9413132,37.50480108,국화소극장,동작구,공연장
787,서울특별시 종로구 대학로8가길 80 (동숭동),서울특별시 종로구 동숭동 1-73번지,127.0033167,37.58249292,휴먼시어터(극장 가자),종로구,공연장
788,서울특별시 종로구 창경궁로 259 (명륜2가성지빌딩),서울특별시 종로구 명륜2가 13번지 성지빌딩,127.0000812,37.58452057,극장 동국,종로구 ,공연장
789,서울특별시 종로구 혜화로 14-1 (혜화동해원),서울특별시 종로구 혜화동 74-12번지 해원 해원,127.0002024,37.586881,꿈꾸는 공작소,종로구 ,공연장
790,서울특별시 종로구 성균관로 12-3 (명륜2가),서울특별시 종로구 명륜2가 149번지,126.9979713,37.58409082,성균소극장,종로구 ,공연장
791,서울특별시 광진구 능동로 76 (자양동광진문화예술회관및구의회청사),서울특별시 광진구 자양동 227-344번지 광진문화예술회관및구의회청사,127.0702848,37.53768166,나루아트센터 야외무대,광진구,공연장
792,서울특별시 종로구 동숭길 140 (혜화동),서울특별시 종로구 혜화동 201번지,127.0025392,37.58362076,낙산 씨어터,종로구 ,공연장
793,서울특별시 노원구 석계로7길 12-8 (월계동),서울특별시 노원구 월계동 68-25번지,127.0633348,37.61636304,노방극장,노원구,공연장
794,서울특별시 노원구 동일로 1229 (중계동노원구민회관),서울특별시 노원구 중계동 507-3번지 노원구민회관,127.0665728,37.6390176,노원구민회관 대강당,노원구,공연장
795,서울특별시 종로구 대학로8가길 66 (동숭동동숭컴퓨터학원),서울특별시 종로구 동숭동 1-51번지 동숭컴퓨터학원,127.0032123,37.58305415,노을 소극장,종로구 ,공연장
796,서울특별시 종로구 대학로 133-6 (명륜4가),서울특별시 종로구 명륜4가 26번지,127.0011969,37.58300995,달빛극장,종로구 ,공연장
798,서울특별시 종로구 동숭길 100 (동숭동),서울특별시 종로구 동숭동 25-5번지,127.0043679,37.58276538,대학로 뮤지컬센터 공간 피꼴로,종로구,공연장
799,서울특별시 종로구 대학로12길 50 (동숭동),서울특별시 종로구 동숭동 1-78번지,127.0037945,37.58185905,댕로홀 (구 두레홀 1관),종로구,공연장
800,서울특별시 종로구 대학로3길 10 (효제동고운빌딩),서울특별시 종로구 효제동 64-2번지 고운빌딩,127.0015625,37.57403356,더 씨어터,종로구,공연장
801,서울특별시 서초구 바우뫼로12길 70 (양재동교육문화회관),서울특별시 서초구 양재동 202번지 교육문화회관,127.034123,37.46795575,더케이아트홀 (구 서울교육문화회관 대극장),서초구,공연장
802,서울특별시 동대문구 답십리로 210-9 (답십리동동대문구문화회관),서울특별시 동대문구 답십리동  산 2-121번지 동대문구문화회관,127.0635723,37.5718006,동대문구문화회관 소강당,동대문구,공연장
803,서울특별시 동대문구 장한로18길 82-9 (장안동동대문구민회관),서울특별시 동대문구 장안동 354-5번지 동대문구민회관,127.0733587,37.56758062,동대문구민회관 대극장,동대문구,공연장
804,서울특별시 동대문구 천호대로 145 (용두동동대문구청),서울특별시 동대문구 용두동 39-9번지 동대문구청,127.0397079,37.5743694,동대문구청 대강당(다목적강당),동대문구,공연장
805,서울특별시 종로구 혜화로 35 지하1층 (명륜1가),서울특별시 종로구 명륜1가 33-30번지 지하1층,126.9993,37.5887948,동숭무대 소극장,종로구 ,공연장
806,서울특별시 용산구 한강대로 372 (동자동센트레빌아스테리움서울),서울특별시 용산구 동자동 45번지 센트레빌아스테리움서울,126.9733598,37.55137569,동자아트홀,용산구,공연장
807,서울특별시 동작구 보라매로5길 28 (신대방동동작구시설관리공단),서울특별시 동작구 신대방동 395번지 동작구시설관리공단,126.9235211,37.49445663,동작구민회관 강당,동작구,공연장
808,서울특별시 종로구 성균관로 6-5 (명륜2가),서울특별시 종로구 명륜2가 208-5번지,126.998536,37.58372523,동화소극장(극장 동화),종로구 ,공연장
809,서울특별시 종로구 대학로8가길 80 (동숭동),서울특별시 종로구 동숭동 1-73번지,127.0033167,37.58249292,두레홀 3관,종로구,공연장
810,서울특별시 종로구 종로33길 15 (연지동),서울특별시 종로구 연지동 270번지,127.0012707,37.57185706,두산아트센터 연강홀,종로구,공연장
811,서울특별시 종로구 대학로8가길 52 (동숭동),서울특별시 종로구 동숭동 1-48번지,127.0026108,37.58302083,드림시어터,종로구,공연장
812,서울특별시 마포구 양화로 45 (합정동합정역),서울특별시 마포구 합정동 414번지 합정역,126.9133135,37.54921555,드림홀,마포구,공연장
813,서울특별시 종로구 동숭길 29 (동숭동),서울특별시 종로구 동숭동 1-141번지,127.0039389,37.57991343,디마떼오홀,종로구,공연장
815,서울특별시 서대문구 통일로37길 60 (홍제동디지털서울문화예술대학교),서울특별시 서대문구 홍제동 318-18번지 디지털서울문화예술대학교,126.9438359,37.58559122,디지털 서울문화예술대학교 대학로극장,종로구,공연장
817,서울특별시 종로구 창경궁로34길 26 (명륜2가정화빌딩),서울특별시 종로구 명륜2가 24-1번지 정화빌딩,127.0011476,37.58389942,라이프씨어터,종로구,공연장
818,서울특별시 종로구 대학로8가길 30 (동숭동),서울특별시 종로구 동숭동 1-58번지,127.0024994,37.5822739,뮤지컬수위아트홀(레몬아트홀),종로구,공연장
819,서울특별시 강남구 강남대로120길 18 (논현동),서울특별시 강남구 논현동 182-9번지,127.0249656,37.50722327,리듬앤씨어터 (논현) 소극장,강남구,공연장
820,서울특별시 종로구 대학로8길 1 (동숭동),서울특별시 종로구 동숭동 1-119번지,127.002339,37.58099372,마로니에 공원 다목적홀,종로구,공연장
821,서울특별시 종로구 동숭길 50 (동숭동),서울특별시 종로구 동숭동 130-47번지,127.0045045,37.58052783,마로니에 소극장,종로구,공연장
822,서울특별시 강남구 영동대로 315 (대치동대경빌딩),서울특별시 강남구 대치동 983-10번지 대경빌딩,127.0661202,37.5025205,마리아칼라스홀,강남구,공연장
824,서울특별시 양천구 목동동로 233 (목동한국방송회관),서울특별시 양천구 목동 923-5번지 한국방송회관,126.8716309,37.52702569,목동방송회관 브로드홀,양천구,공연장
825,서울특별시 중구 통일로 1 (봉래동2가서울역본옥),서울특별시 중구 봉래동2가 122-28번지 서울역본옥 서울역,126.9718168,37.55586506,문화역서울 284 RTO 공연장,중구,공연장
827,서울특별시 마포구 마포대로 238 (아현동아현음악창작소),서울특별시 마포구 아현동 610-1번지 아현음악창작소,126.9575944,37.55501242,뮤지스땅스(Musistance) 라이브땅,마포구,공연장
828,서울특별시 마포구 독막로7길 20 (서교동),서울특별시 마포구 서교동 401-6번지,126.9190754,37.54872114,뮤직 퍼포밍 크랙홀 (클럽크랙),마포구,공연장
829,서울특별시 종로구 혜화로 17 (명륜1가),서울특별시 종로구 명륜1가 36-13번지,126.9998393,37.58715867,미마지 아트센터 눈빛극장,종로구,공연장
830,서울특별시 종로구 동숭길 78 (동숭동),서울특별시 종로구 동숭동 50-24번지,127.004217,37.58171095,미아트홀,종로구,공연장
831,서울특별시 서초구 신반포로11길 40 (반포동한강공원반포안내센터),서울특별시 서초구 반포동 115-5번지 한강공원반포안내센터,126.9925802,37.50758538,반포한강 수변무대(Riverside Stage),서초구,공연장
832,서울특별시 서초구 효령로28길 3 (방배동RNC빌딩),서울특별시 서초구 방배동 981-1번지 RNC빌딩,126.9957669,37.48060475,백석대학교 백석아트홀,서초구,공연장
833,서울특별시 강남구 봉은사로 644 (삼성동대웅제약빌딩),서울특별시 강남구 삼성동 163-1번지 대웅제약빌딩 대웅제약,127.0657612,37.5149756,베어홀,강남구,공연장
834,서울특별시 마포구 잔다리로 46 (서교동서교동스튜디오),서울특별시 마포구 서교동 372-6번지 서교동스튜디오,126.9188278,37.55238004,벨로주(Veloso),마포구,공연장
835,서울특별시 종로구 창덕궁길 29-6 (원서동북촌창우극장),서울특별시 종로구 원서동 158-1번지 북촌창우극장,126.9888366,37.57881797,북촌창우극장,종로구,공연장
836,서울특별시 종로구 대학로8길 25 (동숭동),서울특별시 종로구 동숭동 1-93번지,127.0037222,37.58090655,브로드웨이 아트홀 3관 (구 버너스홀),종로구,공연장
837,서울특별시 광진구 능동로 275-1 (군자동동원빌딩),서울특별시 광진구 군자동 1-10번지 동원빌딩,127.0778487,37.55467441,브이매직홀,광진구,공연장
838,서울특별시 서초구 서초중앙로24길 55 (서초동중앙서초플라자),서울특별시 서초구 서초동 1573-1번지 중앙서초플라자,127.0194025,37.49595846,L&S 아트홀 (빛과 소리아트홀),서초구,공연장
839,서울특별시 종로구 홍지문2길 20 (홍지동상명대학교),서울특별시 종로구 홍지동 7-1번지 상명대학교,126.9549752,37.60182057,상명아트센터 계당홀(대극장),종로구,공연장
840,서울특별시 종로구 홍지문2길 20 (홍지동상명대학교),서울특별시 종로구 홍지동 7-1번지 상명대학교,126.9549752,37.60182057,상명아트센터 대신홀(소극장),종로구,공연장
842,서울특별시 마포구 월드컵북로5가길 8-7 (서교동),서울특별시 마포구 서교동 448-23번지,126.9182376,37.55680639,상설무대 우리소리,마포구,공연장
843,서울특별시 마포구 백범로 35 (신수동서강대학교),서울특별시 마포구 신수동 1-1번지 서강대학교,126.937934,37.55162956,서강대학교 메리홀 대극장,마포구,공연장
844,서울특별시 마포구 백범로 35 (신수동서강대학교),서울특별시 마포구 신수동 1-1번지 서강대학교,126.937934,37.55162956,서강대학교 메리홀 소극장,마포구,공연장
845,서울특별시 종로구 창경궁로 258-9 (명륜2가),서울특별시 종로구 명륜2가 21-10번지,127.0004864,37.58385949,서연아트홀 (구 인아소극장),종로구,공연장
846,서울특별시 종로구 창경궁로34길 18-12 (명륜2가),서울특별시 종로구 명륜2가 21-23번지,127.0004455,37.58415576,서완소극장 (구 씨어터고리),종로구,공연장
848,서울특별시 송파구 삼학사로 136 (잠실동서울놀이마당),서울특별시 송파구 잠실동 47번지 서울놀이마당,127.0976635,37.50932234,서울놀이마당,송파구,공연장
849,서울특별시 광진구 능동로 216 (능동어린이대공원),서울특별시 광진구 능동 18번지 어린이대공원 서울시민안전체험관,127.0762633,37.54930327,서울상상나라 상상나라극장,광진구,공연장
850,서울특별시 서초구 강남대로 201 (양재동서초구민회관),서울특별시 서초구 양재동 25번지 서초구민회관,127.0362071,37.48202633,서초구민회관 대강당,서초구,공연장
851,서울특별시 종로구 필운대로7길 12 지하1층 (옥인동),서울특별시 종로구 옥인동 62번지 지하1층,126.9678572,37.58155195,서촌공간 서로,종로구,공연장
852,서울특별시 종로구 이화장길 66 (동숭동동진빌딩),서울특별시 종로구 동숭동 199-17번지 동진빌딩,127.0045602,37.5782004,설치극장 정미소,종로구,공연장
853,서울특별시 종로구 성균관로 41 (명륜3가),서울특별시 종로구 명륜3가 53번지,126.9965879,37.58650844,성균관대 600주년기념관 새천년홀,종로구,공연장
854,서울특별시 성북구 성북로4길 177 (돈암동성북구민회관),서울특별시 성북구 돈암동 606-258번지 성북구민회관,127.008668,37.59589328,성북구민회관 대강당,성북구,공연장
855,서울특별시 강북구 도봉로76가길 55 (미아동성신여자대학교운정그린캠퍼스),서울특별시 강북구 미아동 147번지 성신여자대학교운정그린캠퍼스,127.0270889,37.63189234,성신여대 운정그린캠퍼스 대강당,강북구,공연장
856,서울특별시 종로구 동숭길 51 (동숭동),서울특별시 종로구 동숭동 1-147번지,127.0042639,37.58054001,세익스피어 극장,종로구,공연장
857,서울특별시 종로구 동숭길 39 (동숭동),서울특별시 종로구 동숭동 1-153번지,127.0043479,37.57997402,다르게놀자 (구 하늘땅소극장),종로구,공연장
858,서울특별시 종로구 대학로8가길 48 (동숭동),서울특별시 종로구 동숭동 1-47번지,127.0023456,37.58298724,소극장 시월 (구 배우세상 소극장),종로구,공연장
859,서울특별시 종로구 혜화로 31 (명륜1가),서울특별시 종로구 명륜1가 33-72번지,126.9995293,37.58834736,소극장 천공의 성,종로구,공연장
861,서울특별시 송파구 백제고분로 242 (삼전동송파구의회및구민회관),서울특별시 송파구 삼전동 62-2번지 송파구의회및구민회관,127.0931825,37.50264753,송파구민회관 대강당,송파구,공연장
863,서울특별시 종로구 대학로12길 21 (동숭동),서울특별시 종로구 동숭동 1-52번지,127.0031626,37.58269546,수현재씨어터,종로구,공연장
864,서울특별시 용산구 청파로47길 100 (청파동2가숙명여자대학교),서울특별시 용산구 청파동2가 53-12번지 숙명여자대학교,126.9648827,37.54531633,숙명여자대학교 르네상스플라자콘서트홀,용산구,공연장
865,서울특별시 종로구 대학로8가길 52 (동숭동),서울특별시 종로구 동숭동 1-48번지,127.0026108,37.58302083,스카이씨어터,종로구,공연장
867,서울특별시 종로구 대학로 140 (혜화동),서울특별시 종로구 혜화동 180번지,127.0018977,37.5836459,스튜디오 76,종로구,공연장
868,서울특별시 종로구 성균관로 15-10 (명륜3가),서울특별시 종로구 명륜3가 122-2번지,126.997114,37.58385295,스튜디오 SK (스튜디오 성균),종로구,공연장
869,서울특별시 강남구 강남대로 600 (논현동동신빌딩),서울특별시 강남구 논현동 17번지 동신빌딩,127.0200868,37.51541011,스페이스 바움,강남구,공연장
870,서울특별시 종로구 삼일대로 386 (관철동시네코아),서울특별시 종로구 관철동 33-1번지 시네코아,126.9879313,37.56896814,시네코아 카붐 전용관,종로구,공연장
871,서울특별시 종로구 율곡로 83 (원서동),서울특별시 종로구 원서동 219번지,126.9882914,37.57780972,아라리오뮤지엄 인 스페이스 ,종로구,공연장
872,서울특별시 마포구 양화진4길 32 (합정동(주)이토마토),서울특별시 마포구 합정동 379-5번지 (주)이토마토,126.910534,37.5476415,아르떼홀,마포구,공연장
873,서울특별시 종로구 성균관로4길 48 (명륜2가),서울특별시 종로구 명륜2가 8-9번지,127.0000257,37.58475443,아름다운극장,종로구,공연장
874,서울특별시 송파구 올림픽로 44 (잠실동아시안공원),서울특별시 송파구 잠실동 84번지 아시안공원,127.0756738,37.51088966,아시아공원 원형무대,송파구,공연장
875,서울특별시 동작구 신대방1가길 77 (신대방동기륭빌딩),서울특별시 동작구 신대방동 686-70번지 기륭빌딩,126.9061116,37.48686169,아울로스 아트홀,동작구,공연장
876,서울특별시 종로구 대학로8가길 30 (동숭동),서울특별시 종로구 동숭동 1-58번지,127.0024994,37.5822739,아츠플레이씨어터,종로구,공연장
877,서울특별시 종로구 율곡로3길 87 (소격동아트선재센타),서울특별시 종로구 소격동 144-2번지 아트선재센타,126.9820301,37.57946107,아트선재센터,종로구,공연장
878,서울특별시 종로구 성균관로3길 23 (명륜3가),서울특별시 종로구 명륜3가 140-4번지,126.9969408,37.5831114,아트씨어터 문,종로구,공연장
879,서울특별시 동작구 여의대방로54길 18 (대방동서울여성플라자),서울특별시 동작구 대방동 345-1번지 서울여성플라자,126.9271135,37.51197537,아트홀 봄,동작구,공연장
880,서울특별시 서초구 남부순환로 2385 12층 (서초동한독모터스),서울특별시 서초구 서초동 1465-11번지 한독모터스 12층,127.0114566,37.48014448,야마하아티스트서비스서울,서초구,공연장
883,서울특별시 성동구 왕십리광장로 17 (행당동),서울특별시 성동구 행당동 168-151번지,127.0379027,37.56128506,엔터식스 한양대점 메두사홀,성동구,공연장
884,서울특별시 성동구 왕십리광장로 17 (행당동),서울특별시 성동구 행당동 168-151번지,127.0379027,37.56128506,엔터식스 한양대점 웃찾사전용관,성동구,공연장
885,서울특별시 종로구 대학로8가길 30 (동숭동),서울특별시 종로구 동숭동 1-58번지,127.0024994,37.5822739,여우별씨어터 (구.내여페스테이지),종로구,공연장
887,서울특별시 강남구 역삼로7길 16 (역삼동역삼1문화센터),서울특별시 강남구 역삼동 829-20번지 역삼1문화센터,127.0332747,37.49535979,역삼1문화센터 강남시어터,강남구,공연장
888,서울특별시 강남구 역삼로7길 16 (역삼동역삼1문화센터),서울특별시 강남구 역삼동 829-20번지 역삼1문화센터,127.0332747,37.49535979,역삼1문화센터 공연장 (강남시어터),강남구,공연장
889,서울특별시 종로구 창경궁로35길 7 (혜화동),서울특별시 종로구 혜화동 88-1번지,127.0014112,37.58637805,연극실험실 혜화동1번지,종로구,공연장
890,서울특별시 서대문구 연세로 50 (신촌동연세대학교),서울특별시 서대문구 신촌동 134번지 연세대학교,126.9367489,37.56052492,연세대학교 노천극장,서대문구,공연장
891,서울특별시 서대문구 연세로 50 (신촌동연세대학교),서울특별시 서대문구 신촌동 134번지 연세대학교,126.9367489,37.56052492,연세대학교 대강당,서대문구,공연장
892,서울특별시 서대문구 연세로 50 (신촌동연세대학교),서울특별시 서대문구 신촌동 134번지 연세대학교,126.9367489,37.56052492,연세대학교 백양콘서트홀(구 백주년기념관),서대문구,공연장
893,서울특별시 종로구 창경궁로35길 21 (혜화동),서울특별시 종로구 혜화동 26-57번지,127.0018199,37.58693768,연우소극장,종로구,공연장
894,서울특별시 종로구 낙산길 14 (동숭동새마을금고),서울특별시 종로구 동숭동 31-9번지 새마을금고,127.0052411,37.58038193,연진아트홀 (구 챔프 예술극장),종로구,공연장
895,서울특별시 종로구 동숭길 130-5 (동숭동),서울특별시 종로구 동숭동 1-8번지,127.0031764,37.58383437,예그린씨어터,종로구,공연장
896,서울특별시 종로구 성균관로4길 19 (명륜2가동숭비즈니스센터),서울특별시 종로구 명륜2가 93번지 동숭비즈니스센터,126.9982389,37.58505594,예술공간 서울,종로구,공연장
898,서울특별시 종로구 대학로8가길 52 (동숭동),서울특별시 종로구 동숭동 1-48번지,127.0026108,37.58302083,예술공간 유비누리 앱질 전용관,종로구 ,공연장
899,서울특별시 마포구 잔다리로 32 (서교동서문빌딩),서울특별시 마포구 서교동 343-1번지 서문빌딩,126.9198137,37.5514911,예스24 무브홀 (구클럽 맨션),마포구,공연장
900,서울특별시 강남구 남부순환로378길 34-9 (도곡동도곡2동주민센터),서울특별시 강남구 도곡동 459번지 도곡2동주민센터,127.0463528,37.48379079,오유아트홀(도곡2소극장),강남구,공연장
901,서울특별시 종로구 세종대로 178 (세종로KT광화문빌딩WEST),서울특별시 종로구 세종로 100번지 KT광화문빌딩WEST,126.9775993,37.57218386,올레스퀘어(구 KT아트홀) 드림홀,종로구,공연장
902,서울특별시 송파구 올림픽로 424 (방이동올림픽공원),서울특별시 송파구 방이동 88번지 올림픽공원 올림픽공원,127.1150513,37.52055538,올림픽공원 88잔디마당,송파구,공연장
903,서울특별시 송파구 올림픽로 424 (방이동올림픽공원),서울특별시 송파구 방이동 88번지 올림픽공원 올림픽공원,127.1150513,37.52055538,올림픽공원 88호수 수변무대,송파구,공연장
904,서울특별시 마포구 와우산로25길 6 (서교동),서울특별시 마포구 서교동 338-10번지 웨스트브릿지,126.9260848,37.55361074,웨스트 브릿지,마포구,공연장
905,서울특별시 종로구 동숭길 74 (동숭동),서울특별시 종로구 동숭동 50-44번지,127.0042248,37.58154381,위로홀,종로구,공연장
906,서울특별시 서초구 방배로 178 (방배동유중아트센터),서울특별시 서초구 방배동 851-4번지 유중아트센터,126.992756,37.48949103,유중아트센터 유중아트홀,서초구,공연장
907,서울특별시 종로구 대학로12길 10 (동숭동),서울특별시 종로구 동숭동 1-64번지,127.0025804,37.58258656,이수스타홀,종로구,공연장
908,서울특별시 종로구 이화장길 58 (이화동),서울특별시 종로구 이화동 36-2번지,127.004618,37.57784619,이수아트홀,종로구,공연장
909,서울특별시 마포구 마포대로 12 (마포동한신빌딩),서울특별시 마포구 마포동 136-1번지 한신빌딩,126.9443051,37.53789359,이원아트홀,마포구,공연장
910,서울특별시 중구 정동길 26 (정동),서울특별시 중구 정동 32-1번지 심슨기념관,126.9710947,37.56640032,이화여고 100주년 기념관 화암홀,중구,공연장
911,서울특별시 종로구 대학로 128 (동숭동),서울특별시 종로구 동숭동 1-33번지,127.0021158,37.58265604,익스트림씨어터 1관,종로구,공연장
912,서울특별시 종로구 창경궁로 227 (명륜4가성우빌딩),서울특별시 종로구 명륜4가 198-3번지 성우빌딩,126.9977444,37.58237249,익스트림씨어터 3관,종로구,공연장
913,서울특별시 용산구 한남대로 98 (한남동일신빌딩이탈리아대사관),서울특별시 용산구 한남동 714번지 일신빌딩이탈리아대사관 이탈리아대사관,127.0053202,37.53720368,일신홀,용산구,공연장
915,서울특별시 마포구 잔다리로3길 7 (서교동),서울특별시 마포구 서교동 395-105번지,126.9190511,37.55140724,잭비님블,마포구,공연장
917,서울특별시 중구 을지로39길 40 (을지로6가구민회관),서울특별시 중구 을지로6가 18-14번지 구민회관,127.005461,37.56840432,중구 구민회관 대강당,중구,공연장
918,서울특별시 동작구 흑석로 84 (흑석동중앙대학교),서울특별시 동작구 흑석동 221번지 중앙대학교,126.9589533,37.50696843,중앙대학교 아트센터 루이스,동작구,공연장
919,서울특별시 동작구 흑석로 84 (흑석동중앙대학교),서울특별시 동작구 흑석동 221번지 중앙대학교,126.9589533,37.50696843,중앙대학교 아트센터 소극장,동작구,공연장
920,서울특별시 동작구 흑석로 84 (흑석동중앙대학교),서울특별시 동작구 흑석동 221번지 중앙대학교,126.9589533,37.50696843,중앙문화예술관 대극장(중앙대학교 아트센터 대극장),동작구,공연장
921,서울특별시 종로구 성균관로4길 42 (명륜2가),서울특별시 종로구 명륜2가 8-16번지,126.9997385,37.58479209,지즐 소극장,종로구,공연장
922,서울특별시 종로구 대학로11길 39 (명륜4가영성빌딩),서울특별시 종로구 명륜4가 163번지 영성빌딩,126.9994539,37.58235091,진건아트홀,종로구,공연장
923,서울특별시 종로구 돈화문로 94 (와룡동동원빌딩),서울특별시 종로구 와룡동 119-1번지 동원빌딩,126.9904127,37.57680301,창덕궁 소극장,종로구,공연장
924,서울특별시 종로구 청계천로 279 (종로6가),서울특별시 종로구 종로6가 289-3번지,127.0087451,37.57006118,창선당 콘서트홀,종로구,공연장
927,서울특별시 동작구 사당로 143 (사당동대한예수교장로회총회신학원),서울특별시 동작구 사당동 200-1번지 대한예수교장로회총회신학원,126.9663549,37.48852286,총신대학교 콘서트홀,동작구,공연장
928,서울특별시 종로구 이화장1길 24 (이화동),서울특별시 종로구 이화동 28-18번지,127.0057554,37.57743953,최일화 스튜디오,종로구,공연장
929,서울특별시 서대문구 북아현로11가길 7 (북아현동추계예술대학교),서울특별시 서대문구 북아현동 190-1번지 추계예술대학교,126.9549079,37.5623765,추계예술대학교 추계콘서트홀,서대문구,공연장
931,서울특별시 종로구 창경궁로 303 (혜화동),서울특별시 종로구 혜화동 37-1번지,127.0033165,37.58761314,키작은 소나무 극장,종로구,공연장
932,서울특별시 종로구 동숭길 72 (동숭동),서울특별시 종로구 동숭동 50-20번지,127.0042397,37.58146093,탑아트홀,종로구,공연장
933,서울특별시 마포구 독막로6길 27 (합정동),서울특별시 마포구 합정동 360-1번지,126.917184,37.54674857,퍼즐 인형 극장 (다락극장),마포구,공연장
934,서울특별시 서초구 반포대로 18 (서초동(주)KH바텍사옥),서울특별시 서초구 서초동 1451-51번지 (주)KH바텍사옥,127.0126245,37.48223419,페리지홀 & 갤러리,서초구,공연장
936,서울특별시 마포구 잔다리로3길 34 (서교동),서울특별시 마포구 서교동 395-174번지,126.9178791,37.55064976,폼텍 웍스홀,마포구,공연장
937,서울특별시 성북구 성북로26가길 14-1 (성북동),서울특별시 성북구 성북동  산 25-102번지,126.993988,37.59628488,푸른달극장,종로구,공연장
938,서울특별시 중구 정동길 9 (정동),서울특별시 중구 정동 17-1번지,126.9699576,37.56753035,프란치스코 교육회관 체칠리아홀,중구,공연장
939,서울특별시 종로구 대학로11길 38-11 (명륜4가),서울특별시 종로구 명륜4가 70-4번지,127.0003052,37.58253884,피카소 소극장 1관,종로구,공연장
940,서울특별시 종로구 대학로11길 38-11 (명륜4가),서울특별시 종로구 명륜4가 70-4번지,127.0003052,37.58253884,피카소 소극장 2관,종로구,공연장
941,서울특별시 송파구 올림픽로 300 (신천동),서울특별시 송파구 신천동 29번지,127.1040148,37.51419392,하드 록 카페 (HARD ROCK CAF?),송파구,공연장
942,서울특별시 종로구 창경궁로35길 17 (혜화동),서울특별시 종로구 혜화동 70-1번지,127.001617,37.58668402,한얼소극장,종로구,공연장
943,서울특별시 중구 장충단로 59 (장충동2가국립극장),서울특별시 중구 장충동2가  산 14-67번지 국립극장 국립극장,127.0000058,37.55174767,해오름 예술극장,종로구,공연장
944,서울특별시 성북구 동소문로20나길 27 (동선동1가),서울특별시 성북구 동선동1가 89번지,127.0181334,37.59244621,해우소 소극장,성북구,공연장
945,서울특별시 양천구 목동동로 257 (목동현대하이페리온),서울특별시 양천구 목동 916번지 현대하이페리온,126.874715,37.52627532,현대백화점 목동점 문화홀,양천구,공연장
946,서울특별시 강남구 테헤란로 517 (삼성동현대백화점),서울특별시 강남구 삼성동 159-7번지 현대백화점,127.0599312,37.50843949,현대백화점 무역센터점 문화홀,강남구,공연장
947,서울특별시 성북구 동소문로 315 (길음동현대백화점미아점),서울특별시 성북구 길음동 20-1번지 현대백화점미아점,127.0289471,37.60814037,현대백화점 미아점 문화홀,성북구,공연장
948,서울특별시 서대문구 신촌로 83 (창천동현대백화점신촌점),서울특별시 서대문구 창천동 30-33번지 현대백화점신촌점,126.9356862,37.55582119,현대백화점 신촌점 문화홀(유플렉스제이드홀),서대문구 ,공연장
949,서울특별시 강남구 압구정로29길 21 (압구정동현대백화점토파즈홀),서울특별시 강남구 압구정동 450번지 현대백화점토파즈홀,127.0278656,37.52870339,현대백화점 압구정본점 문화홀,강남구,공연장
950,서울특별시 강동구 천호대로 1005 (천호동현대백화점),서울특별시 강동구 천호동 455-8번지 현대백화점,127.1240538,37.53882626,현대백화점 천호점 문화홀,강동구,공연장
951,서울특별시 중구 서소문로 88 (순화동중앙일보사건물),서울특별시 중구 순화동 7번지 중앙일보사건물,126.9709565,37.56203957,호암아트홀,중구,공연장
952,서울특별시 종로구 동숭길 41 (동숭동),서울특별시 종로구 동숭동 1-150번지,127.0043681,37.58009863,호은아트홀,종로구,공연장
953,서울특별시 종로구 이화장길 72 (동숭동돈화빌딩),서울특별시 종로구 동숭동 199-33번지 돈화빌딩 돈화의원,127.0045764,37.57846008,환상극장,종로구,공연장
954,서울특별시 종로구 동숭길 76 (동숭동),서울특별시 종로구 동숭동 50-42번지,127.0042039,37.58167956,훈아트홀 1관,종로구,공연장
955,서울특별시 종로구 동숭길 76 (동숭동),서울특별시 종로구 동숭동 50-42번지,127.0042039,37.58167956,훈아트홀 2관,종로구,공연장
973,서울특별시 성동구 성수일로 77 206호 (성수동1가서울숲IT밸리),서울특별시 성동구 성수동1가 13-164번지 서울숲IT밸리 206호,127.0505526,37.54735336,MC갤러리,성동구,갤러리
1046,서울특별시 강남구 삼성로147길 66 (청담동),서울특별시 강남구 청담동 16-17번지,127.0443325,37.52058989,갤러리선컨템포러리,강남구,갤러리
1161,서울특별시 동대문구 왕산로 214 (전농동청량리역롯데백화점),서울특별시 동대문구 전농동 591-53번지 청량리역롯데백화점,127.0474603,37.5804978,롯데갤러리 청량리점,동대문구,갤러리
1239,서울특별시 종로구 경희궁1가길 11 (신문로2가아산정책연구소),서울특별시 종로구 신문로2가 1-176번지 아산정책연구소,126.9685871,37.57231967,아산정책연구원 갤러리(AAIPS 에이아이프스),종로구,갤러리
1370,경상남도 진주시 진양호로 526 지하1층 (인사동백상빌딩),경상남도 진주시 인사동 1-7번지 백상빌딩 지하1층 길12,128.0830127,35.19253822,화봉갤러리,종로구,갤러리
1406,서울특별시 마포구 토정로3길 16 (합정동),서울특별시 마포구 합정동 367-9번지,126.9143862,37.54630621,벼레별씨,마포구,갤러리카페
1436,서울특별시 중구 퇴계로 123 10층 (충무로2가하이헤리엇),서울특별시 중구 충무로2가 65-9번지 하이헤리엇 10층 하이해리엇,126.985388,37.56107179,CGV 명동역 씨네라이브러리,중구,영화관
1437,서울특별시 노원구 동일로204가길 12 (중계동홈플러스),서울특별시 노원구 중계동 509-2번지 홈플러스,127.0684189,37.63975373,CGV 중계,노원구,영화관
1438,서울특별시 노원구 섬밭로 258 지하1층 (중계동건영옴니백화점),서울특별시 노원구 중계동 506-1번지 건영옴니백화점 지하1층,127.0643857,37.63886877,CGV 하계,노원구,영화관
1439,서울특별시 마포구 양화로 153 (동교동토로스쇼핑타워),서울특별시 마포구 동교동 159-8번지 토로스쇼핑타워 동교동,126.9226957,37.55638461,CGV 홍대,마포구,영화관
1440,서울특별시 강남구 논현로 848 (신사동),서울특별시 강남구 신사동 603-2번지,127.0287022,37.52462058,CINE de CHEF 압구정,강남구,영화관
1441,서울특별시 종로구 삼일대로 428 4층 (낙원동낙원상가),서울특별시 종로구 낙원동 236-1번지 낙원상가 4층,126.988043,37.57277398,낭만극장(실버영화관),종로구,영화관
1442,서울특별시 금천구 디지털로10길 9 (가산동현대아울렛금천점),서울특별시 금천구 가산동 60-8번지 현대아울렛금천점,126.8886021,37.477581,롯데시네마 가산디지털,금천구,영화관
1443,서울특별시 금천구 시흥대로 399 (독산동시티렉스),서울특별시 금천구 독산동 291-5번지 시티렉스,126.8974501,37.46933956,롯데시네마 독산,금천구,영화관
1444,서울특별시 송파구 올림픽로 300 (신천동),서울특별시 송파구 신천동 29번지 엔터동롯데시네마(5F11F,127.1040148,37.51419392,롯데시네마 월드타워,송파구,영화관
1445,서울특별시 중구 장충단로 72 (장충동2가한국자유총연맹),서울특별시 중구 장충동2가 201-6번지 한국자유총연맹,127.0018183,37.55197058,메가박스 EOE4(남산자동차극장),중구,영화관
1446,서울특별시 동작구 동작대로 89 12층 (사당동골든시네마타워),서울특별시 동작구 사당동 147-53번지 골든시네마타워 12층 골든시네마,126.9817312,37.48461119,메가박스 아트나인,동작구,영화관
1447,서울특별시 강서구 화곡로 142 501호 (화곡동메가박스),서울특별시 강서구 화곡동 1073-10번지 메가박스 501호 (화곡동,126.8375877,37.5407046,메가박스 화곡,강서구,영화관
1448,서울특별시 종로구 경희궁1길 1 2층 (신문로2가),서울특별시 종로구 신문로2가 1-153번지 2층,126.9718582,37.57065072,미로스페이스,종로구,영화관
1449,서울특별시 강남구 도산대로8길 8 (논현동브로드웨이),서울특별시 강남구 논현동 3-5번지 브로드웨이 브로드웨이식스3관,127.0219566,37.51647836,인디플러스,강남구,영화관
1451,서울특별시 강남구 압구정로10길 9 지하2층 (신사동),서울특별시 강남구 신사동 532-1번지 지하2층,127.0219398,37.52298959,조이앤시네마,강남구,영화관
1460,서울특별시 동대문구 답십리로 210-9 (답십리동),서울특별시 동대문구 답십리동  산 2-121번지,127.0635723,37.5718006,동대문문화의집,동대문구,문화의 집
1461,서울특별시 동대문구 외대역동로6길 3 (휘경동),서울특별시 동대문구 휘경동 135-9번지,127.0656627,37.59280653,휘경1동문화의집,동대문구,문화의 집
1462,서울특별시 은평구 백련산로 179 (응암동응암제1동주민센터),서울특별시 은평구 응암동 96-3번지 응암제1동주민센터,126.926904,37.60075892,은평문화의집,은평구,문화의 집
1463,서울특별시 은평구 갈현로 301 (갈현동갈현1동청사및문화의집),서울특별시 은평구 갈현동 436-14번지 갈현1동청사및문화의집,126.91677,37.62359387,갈현1동문화의집,은평구,문화의 집
1464,서울특별시 서대문구 백련사길 39 (홍은동서대문문화체육회관),서울특별시 서대문구 홍은동  산 26-155번지 서대문문화체육회관 서대문문화회관내,126.9317593,37.58106292,서대문문화의집,서대문구,문화의 집
1465,서울특별시 강서구 화곡로 215 (화곡동강서문화센터),서울특별시 강서구 화곡동 111-90번지 강서문화센터,126.8437882,37.5446582,화곡문화의집,강서구,문화의 집
1467,서울특별시 양천구 목동중앙본로 120 (목동목2동주민센터),서울특별시 양천구 목동 530-6번지 목2동주민센터,126.8716114,37.54616703,목2동문화의집,양천구,문화의 집
1468,서울특별시 종로구 우정국로 45-14 (수송동송암미술관),서울특별시 종로구 수송동 46-15번지 송암미술관,126.9820895,37.57306981,OCI미술관,종로구,미술관
1470,서울특별시 강서구 양천로47길 36 (가양동겸재정선미술관),서울특별시 강서구 가양동 243-1번지 겸재정선미술관,126.8382369,37.57208409,겸재정선미술관,강서구,미술관
1486,서울특별시 노원구 동일로 1238 (중계동서울시립북서울미술관),서울특별시 노원구 중계동 508번지 서울시립북서울미술관,127.0667543,37.64018994,서울시립북서울미술관,노원구,미술관
1490,서울특별시 종로구 율곡로 83 (원서동),서울특별시 종로구 원서동 219번지,126.9882914,37.57780972,아라리오뮤지엄인스페이스,종로구,미술관
1494,서울특별시 서초구 중앙로 555 (우면동우면동금속박물관),서울특별시 서초구 우면동 610-11번지 우면동금속박물관,127.0123254,37.45775477,치우금속공예관(유리지공예관?),서초구,미술관
1495,서울특별시 종로구 평창32길 8 (평창동),서울특별시 종로구 평창동 465-16번지,126.9756956,37.61221417,토탈미술관,종로구,미술관
1497,서울특별시 강남구 테헤란로 440 (대치동포스코센터),서울특별시 강남구 대치동 892번지 포스코센터,127.0556713,37.50610525,포스코미술관,강남구,미술관
1498,서울특별시 송파구 위례성대로 14 20층 (방이동한미타워),서울특별시 송파구 방이동 45번지 한미타워 20층,127.1140714,37.51664611,한미사진미술관,송파구,미술관
1499,서울특별시 성동구 살곶이길 200 (사근동한양여자대학),서울특별시 성동구 사근동 110번지 한양여자대학,127.0505172,37.55864827,한양여자대학교미술관,성동구,미술관
1500,서울특별시 서초구 남부순환로 2423 지하1층 (서초동한원빌딩),서울특별시 서초구 서초동 1449-11번지 한원빌딩 지하1층,127.0154759,37.48172551,한원미술관,서초구,미술관
1501,서울특별시 강남구 언주로 552 (역삼동),서울특별시 강남구 역삼동 688-4번지,127.0402082,37.50733036,헬로우뮤지움,강남구,미술관
1504,서울특별시 종로구 자하문로40길 63 (부암동),서울특별시 종로구 부암동 210-8번지,126.9658885,37.59412018,환기미술관,종로구,미술관
1507,서울특별시 종로구 북촌로12길 10 (가회동),서울특별시 종로구 가회동 11-7번지,126.985607,37.58182034,동림매듭박물관,종로구,박물관
1510,서울특별시 강남구 선릉로162길 45 (청담동청담불탑빌딩),서울특별시 강남구 청담동 80-7번지 청담불탑빌딩,127.0442588,37.52622808,본태박물관 서울분관,강남구,박물관
1511,서울특별시 종로구 북촌로 143-10 (삼청동),서울특별시 종로구 삼청동 27-21번지,126.9829463,37.58712283,부엉이박물관,종로구,박물관
1512,서울특별시 서초구 신흥안길 40-10 (내곡동),서울특별시 서초구 내곡동 1-376번지,127.0753135,37.45409692,분재박물관,서초구,박물관
1514,서울특별시 강북구 도봉로76가길 55 (미아동성신여자대학교운정그린캠퍼스),서울특별시 강북구 미아동 147번지 성신여자대학교운정그린캠퍼스,127.0270889,37.63189234,성신여자대학교 운정그린캠퍼스 자연사박물관,강북구,박물관
1515,서울특별시 강북구 도봉로76가길 55 (미아동성신여자대학교운정그린캠퍼스),서울특별시 강북구 미아동 147번지 성신여자대학교운정그린캠퍼스,127.0270889,37.63189234,성신여자대학교 운정그린캠퍼스 정원박광훈복식박물관,강북구,박물관
1516,서울특별시 동작구 상도로 369 (상도동숭실대학교),서울특별시 동작구 상도동 511번지 숭실대학교,126.9543756,37.49593882,숭실대한국기독교박물관,동작구,박물관
1517,서울특별시 종로구 인사동길 19-11 (인사동),서울특별시 종로구 인사동 193-1번지,126.9859065,37.57243711,아름다운차 박물관,종로구,박물관
1520,서울특별시 동작구 현충로 124 (흑석동),서울특별시 동작구 흑석동 42-1번지,126.9670497,37.50661634,조선일보 뉴지엄,동작구,박물관
1521,서울특별시 노원구 화랑로 727 (공릉동대한체육회선수촌),서울특별시 노원구 공릉동 26-17번지 대한체육회선수촌,127.1032359,37.6337546,한국체육박물관,노원구,박물관
1526,서울특별시 서대문구 신촌로 129 (창천동아트레온),서울특별시 서대문구 창천동 20-25번지 아트레온 아트레온,126.9403161,37.5564595,우석전각뮤지엄,서대문구,기념관
1527,서울특별시 마포구 신촌로 12 (동교동동우빌딩),서울특별시 마포구 동교동 174-11번지 동우빌딩 나길26,126.9277524,37.55812642,이한열기념관,마포구,기념관
